{
	"credit": "Made with Blockbench",
	"textures": {
		"0": "modern_guns:item/m4a1",
		"particle": "modern_guns:item/m4a1"
	},
	"elements": [
		{
			"from": [7.351, 0.5, 8],
			"to": [8.651, 5.5, 10],
			"rotation": {"angle": -22.5, "axis": "x", "origin": [8, 4.5, 9]},
			"faces": {
				"north": {"uv": [4, 3, 5.3, 8], "texture": "#0"},
				"east": {"uv": [6, 3, 4, 8], "texture": "#0"},
				"south": {"uv": [4, 3, 5.3, 8], "texture": "#0"},
				"west": {"uv": [4, 3, 6, 8], "texture": "#0"},
				"up": {"uv": [4, 3, 5.3, 5], "texture": "#0"},
				"down": {"uv": [4, 6, 5.3, 8], "texture": "#0"}
			}
		},
		{
			"from": [7.35, 5, 6],
			"to": [8.65, 7, 11],
			"rotation": {"angle": 0, "axis": "y", "origin": [7, 5, 9]},
			"faces": {
				"north": {"uv": [0, 0, 1.3, 2], "texture": "#0"},
				"east": {"uv": [8, 0, 3, 2], "texture": "#0"},
				"south": {"uv": [0, 0, 1.3, 2], "texture": "#0"},
				"west": {"uv": [3, 0, 8, 2], "texture": "#0"},
				"up": {"uv": [0, 0, 1.3, 5], "texture": "#0"},
				"down": {"uv": [0, 0, 1.3, 5], "texture": "#0"}
			}
		},
		{
			"from": [7.5, 7, 3.2],
			"to": [8.5, 7.25, 10.8],
			"rotation": {"angle": 0, "axis": "y", "origin": [7, 5, 9]},
			"faces": {
				"north": {"uv": [0, 0, 1, 0.25], "texture": "#0"},
				"east": {"uv": [0, 0, 7.6, 0.25], "texture": "#0"},
				"south": {"uv": [0, 0, 1, 0.25], "texture": "#0"},
				"west": {"uv": [0, 0, 7.6, 0.25], "texture": "#0"},
				"up": {"uv": [3, 2, 4, 9.6], "texture": "#0"},
				"down": {"uv": [0, 0, 1, 7.6], "texture": "#0"}
			}
		},
		{
			"from": [7.4, 7, 8.3],
			"to": [8.6, 7.5, 10.3],
			"rotation": {"angle": 0, "axis": "y", "origin": [7, 5, 9]},
			"faces": {
				"north": {"uv": [1, 3, 2.2, 3.5], "texture": "#0"},
				"east": {"uv": [1, 3, 3, 3.5], "texture": "#0"},
				"south": {"uv": [1, 3, 2.2, 3.5], "texture": "#0"},
				"west": {"uv": [1, 3, 3, 3.5], "texture": "#0"},
				"up": {"uv": [1, 3, 2.2, 5], "texture": "#0"},
				"down": {"uv": [1, 3, 2.2, 5], "texture": "#0"}
			}
		},
		{
			"from": [7.35, 2.75, 3],
			"to": [8.65, 7, 6],
			"rotation": {"angle": 0, "axis": "y", "origin": [7, 5, 9]},
			"faces": {
				"north": {"uv": [0, 0, 1.3, 4.25], "texture": "#0"},
				"east": {"uv": [3, 0, 0, 4.25], "texture": "#0"},
				"south": {"uv": [0, 0, 1.3, 4.25], "texture": "#0"},
				"west": {"uv": [0, 0, 3, 4.25], "texture": "#0"},
				"up": {"uv": [0, 0, 1.3, 3], "texture": "#0"},
				"down": {"uv": [0, 0, 1.3, 3], "texture": "#0"}
			}
		},
		{
			"from": [7.5, 0, 3.2],
			"to": [8.5, 2.75, 5.8],
			"rotation": {"angle": 0, "axis": "y", "origin": [7, 5, 9]},
			"faces": {
				"north": {"uv": [0, 6, 1, 8.75], "texture": "#0"},
				"east": {"uv": [3, 6, 0.4, 8.75], "texture": "#0"},
				"south": {"uv": [0, 6, 1, 8.75], "texture": "#0"},
				"west": {"uv": [0.4, 6, 3, 8.75], "texture": "#0"},
				"up": {"uv": [1, 6, 2, 8.6], "texture": "#0"},
				"down": {"uv": [0, 6, 2.6, 7], "rotation": 90, "texture": "#0"}
			}
		},
		{
			"from": [7.65, 3, 6],
			"to": [8.35, 3.5, 9],
			"rotation": {"angle": 0, "axis": "y", "origin": [7, 5, 9]},
			"faces": {
				"north": {"uv": [0, 0, 0.7, 0.5], "texture": "#0"},
				"east": {"uv": [0, 0, 3, 0.5], "texture": "#0"},
				"south": {"uv": [0, 0, 0.7, 0.5], "texture": "#0"},
				"west": {"uv": [0, 0, 3, 0.5], "texture": "#0"},
				"up": {"uv": [0, 0, 0.7, 3], "texture": "#0"},
				"down": {"uv": [0, 0, 0.7, 3], "texture": "#0"}
			}
		},
		{
			"from": [7.75, 3.75, 7.25],
			"to": [8.25, 5.5, 8.25],
			"rotation": {"angle": 0, "axis": "y", "origin": [7, 5, 9]},
			"faces": {
				"north": {"uv": [7, 3, 7.5, 4.75], "texture": "#0"},
				"east": {"uv": [7, 3, 8, 4.75], "texture": "#0"},
				"south": {"uv": [7, 3, 7.5, 4.75], "texture": "#0"},
				"west": {"uv": [7, 3, 8, 4.75], "texture": "#0"},
				"up": {"uv": [7, 3, 7.5, 4], "texture": "#0"},
				"down": {"uv": [7, 3, 7.5, 4], "texture": "#0"}
			}
		},
		{
			"name": "octagon",
			"from": [7.6997, 5.525, 8.75],
			"to": [8.3003, 6.975, 11.25],
			"rotation": {"angle": 45, "axis": "z", "origin": [8, 6.25, 8.5]},
			"faces": {
				"north": {"uv": [6, 0, 6.6006, 1.45], "texture": "#0"},
				"east": {"uv": [5, 0, 7.5, 1.45], "texture": "#0"},
				"south": {"uv": [6, 0, 6.6006, 1.45], "texture": "#0"},
				"west": {"uv": [5, 0, 7.5, 1.45], "texture": "#0"},
				"up": {"uv": [0, 0, 0.6006, 2.5], "texture": "#0"},
				"down": {"uv": [0, 0, 0.6006, 2.5], "texture": "#0"}
			}
		},
		{
			"name": "octagon",
			"from": [7.6997, 5.525, 8.75],
			"to": [8.3003, 6.975, 11.25],
			"rotation": {"angle": 0, "axis": "z", "origin": [8, 6.25, 8.5]},
			"faces": {
				"north": {"uv": [6, 0, 6.6006, 1.45], "texture": "#0"},
				"east": {"uv": [5, 0, 7.5, 1.45], "texture": "#0"},
				"south": {"uv": [6, 0, 6.6006, 1.45], "texture": "#0"},
				"west": {"uv": [5, 0, 7.5, 1.45], "texture": "#0"},
				"up": {"uv": [0, 0, 0.6006, 2.5], "texture": "#0"},
				"down": {"uv": [0, 0, 0.6006, 2.5], "texture": "#0"}
			}
		},
		{
			"name": "octagon",
			"from": [7.275, 5.9497, 8.75],
			"to": [8.725, 6.5503, 11.25],
			"rotation": {"angle": 45, "axis": "z", "origin": [8, 6.25, 8.5]},
			"faces": {
				"north": {"uv": [6, 0, 7.45, 0.6006], "texture": "#0"},
				"east": {"uv": [5, 0, 7.5, 0.6006], "texture": "#0"},
				"south": {"uv": [6, 0, 7.45, 0.6006], "texture": "#0"},
				"west": {"uv": [5, 0, 7.5, 0.6006], "texture": "#0"},
				"up": {"uv": [0, 0, 1.45, 2.5], "texture": "#0"},
				"down": {"uv": [0, 0, 1.45, 2.5], "texture": "#0"}
			}
		},
		{
			"name": "octagon",
			"from": [7.275, 5.9497, 8.75],
			"to": [8.725, 6.5503, 11.25],
			"rotation": {"angle": 0, "axis": "z", "origin": [8, 6.25, 8.5]},
			"faces": {
				"north": {"uv": [6, 0, 7.45, 0.6006], "texture": "#0"},
				"east": {"uv": [5, 0, 7.5, 0.6006], "texture": "#0"},
				"south": {"uv": [6, 0, 7.45, 0.6006], "texture": "#0"},
				"west": {"uv": [5, 0, 7.5, 0.6006], "texture": "#0"},
				"up": {"uv": [0, 0, 1.45, 2.5], "texture": "#0"},
				"down": {"uv": [0, 0, 1.45, 2.5], "texture": "#0"}
			}
		},
		{
			"name": "octagon",
			"from": [7.65827, 5.575, 2.5],
			"to": [8.34173, 7.225, 3],
			"rotation": {"angle": 45, "axis": "z", "origin": [8, 6.4, 1]},
			"faces": {
				"north": {"uv": [0, 0, 0.68346, 1.65], "texture": "#0"},
				"east": {"uv": [0, 0, 0.5, 1.65], "texture": "#0"},
				"south": {"uv": [0, 0, 0.68346, 1.65], "texture": "#0"},
				"west": {"uv": [0, 0, 0.5, 1.65], "texture": "#0"},
				"up": {"uv": [0, 0, 0.68346, 0.5], "texture": "#0"},
				"down": {"uv": [0, 0, 0.68346, 0.5], "texture": "#0"}
			}
		},
		{
			"name": "octagon",
			"from": [7.65827, 5.575, 2.5],
			"to": [8.34173, 7.225, 3],
			"rotation": {"angle": 0, "axis": "y", "origin": [8, 6.4, 1]},
			"faces": {
				"north": {"uv": [0, 0, 0.68346, 1.65], "texture": "#0"},
				"east": {"uv": [0, 0, 0.5, 1.65], "texture": "#0"},
				"south": {"uv": [0, 0, 0.68346, 1.65], "texture": "#0"},
				"west": {"uv": [0, 0, 0.5, 1.65], "texture": "#0"},
				"up": {"uv": [0, 0, 0.68346, 0.5], "texture": "#0"},
				"down": {"uv": [0, 0, 0.68346, 0.5], "texture": "#0"}
			}
		},
		{
			"name": "octagon",
			"from": [7.175, 6.05827, 2.5],
			"to": [8.825, 6.74173, 3],
			"rotation": {"angle": 45, "axis": "z", "origin": [8, 6.4, 1]},
			"faces": {
				"north": {"uv": [0, 0, 1.65, 0.68346], "texture": "#0"},
				"east": {"uv": [0, 0, 0.5, 0.68346], "texture": "#0"},
				"south": {"uv": [0, 0, 1.65, 0.68346], "texture": "#0"},
				"west": {"uv": [0, 0, 0.5, 0.68346], "texture": "#0"},
				"up": {"uv": [0, 0, 1.65, 0.5], "texture": "#0"},
				"down": {"uv": [0, 0, 1.65, 0.5], "texture": "#0"}
			}
		},
		{
			"name": "octagon",
			"from": [7.175, 6.05827, 2.5],
			"to": [8.825, 6.74173, 3],
			"rotation": {"angle": 0, "axis": "y", "origin": [8, 6.4, 1]},
			"faces": {
				"north": {"uv": [0, 0, 1.65, 0.68346], "texture": "#0"},
				"east": {"uv": [0, 0, 0.5, 0.68346], "texture": "#0"},
				"south": {"uv": [0, 0, 1.65, 0.68346], "texture": "#0"},
				"west": {"uv": [0, 0, 0.5, 0.68346], "texture": "#0"},
				"up": {"uv": [0, 0, 1.65, 0.5], "texture": "#0"},
				"down": {"uv": [0, 0, 1.65, 0.5], "texture": "#0"}
			}
		},
		{
			"name": "octagon",
			"from": [7.65827, 5.425, 11.25],
			"to": [8.34173, 7.075, 16.25],
			"rotation": {"angle": 45, "axis": "z", "origin": [8, 6.25, 13.25]},
			"faces": {
				"north": {"uv": [0, 14.35, 0.68346, 16], "texture": "#0"},
				"east": {"uv": [0, 14.35, 5, 16], "texture": "#0"},
				"south": {"uv": [0, 14.35, 0.68346, 16], "texture": "#0"},
				"west": {"uv": [0, 14.35, 5, 16], "texture": "#0"},
				"up": {"uv": [0, 9, 0.68346, 14], "texture": "#0"},
				"down": {"uv": [1, 9, 1.68346, 14], "texture": "#0"}
			}
		},
		{
			"name": "octagon",
			"from": [7.65827, 5.425, 11.25],
			"to": [8.34173, 7.075, 16.25],
			"rotation": {"angle": 0, "axis": "z", "origin": [8, 6.25, 13.25]},
			"faces": {
				"north": {"uv": [0, 14.35, 0.68346, 16], "texture": "#0"},
				"east": {"uv": [0, 14.35, 5, 16], "texture": "#0"},
				"south": {"uv": [0, 14.35, 0.68346, 16], "texture": "#0"},
				"west": {"uv": [0, 14.35, 5, 16], "texture": "#0"},
				"up": {"uv": [0, 9, 0.68346, 14], "texture": "#0"},
				"down": {"uv": [0, 9, 0.68346, 14], "texture": "#0"}
			}
		},
		{
			"name": "octagon",
			"from": [7.65827, 4.825, 12.25],
			"to": [8.34173, 5.425, 16.25],
			"rotation": {"angle": 0, "axis": "y", "origin": [8, 6.75, 13.25]},
			"faces": {
				"north": {"uv": [0, 0, 0.68346, 0.6], "texture": "#0"},
				"east": {"uv": [0, 0, 4, 0.6], "texture": "#0"},
				"south": {"uv": [0, 0, 0.68346, 0.6], "texture": "#0"},
				"west": {"uv": [0, 0, 4, 0.6], "texture": "#0"},
				"up": {"uv": [0, 0, 0.68346, 4], "texture": "#0"},
				"down": {"uv": [0, 0, 0.68346, 4], "texture": "#0"}
			}
		},
		{
			"name": "octagon",
			"from": [7.65827, 4.425, 12.25],
			"to": [8.34173, 5.425, 14.25],
			"rotation": {"angle": 0, "axis": "y", "origin": [8, 6.75, 13.25]},
			"faces": {
				"north": {"uv": [0, 0, 0.68346, 1], "texture": "#0"},
				"east": {"uv": [0, 0, 2, 1], "texture": "#0"},
				"south": {"uv": [0, 0, 0.68346, 1], "texture": "#0"},
				"west": {"uv": [0, 0, 2, 1], "texture": "#0"},
				"up": {"uv": [0, 0, 0.68346, 2], "texture": "#0"},
				"down": {"uv": [0, 0, 0.68346, 2], "texture": "#0"}
			}
		},
		{
			"name": "octagon",
			"from": [7.65827, 4.24, 14.75],
			"to": [8.34173, 4.84, 16.25],
			"rotation": {"angle": 0, "axis": "y", "origin": [8, 6.65, 13.25]},
			"faces": {
				"north": {"uv": [0, 0, 0.68346, 0.6], "texture": "#0"},
				"east": {"uv": [0, 0, 1.5, 0.6], "texture": "#0"},
				"south": {"uv": [0, 0, 0.68346, 0.6], "texture": "#0"},
				"west": {"uv": [0, 0, 1.5, 0.6], "texture": "#0"},
				"up": {"uv": [0, 0, 0.68346, 1.5], "texture": "#0"},
				"down": {"uv": [0, 0, 0.68346, 1.5], "texture": "#0"}
			}
		},
		{
			"name": "octagon",
			"from": [7.65827, 4, 12.3],
			"to": [8.34173, 5, 16.212],
			"rotation": {"angle": 22.5, "axis": "x", "origin": [8, 4.525, 14.35]},
			"faces": {
				"north": {"uv": [0, 0, 0.68346, 1], "texture": "#0"},
				"east": {"uv": [0, 0, 3.912, 1], "texture": "#0"},
				"south": {"uv": [0, 0, 0.68346, 1], "texture": "#0"},
				"west": {"uv": [0, 0, 3.912, 1], "texture": "#0"},
				"up": {"uv": [0, 0, 0.68346, 3.912], "texture": "#0"},
				"down": {"uv": [0, 0, 0.68346, 3.912], "texture": "#0"}
			}
		},
		{
			"name": "octagon",
			"from": [7.175, 5.90827, 11.25],
			"to": [8.825, 6.59173, 16.25],
			"rotation": {"angle": 45, "axis": "z", "origin": [8, 6.25, 13.25]},
			"faces": {
				"north": {"uv": [0, 14.35, 1.65, 15.03346], "texture": "#0"},
				"east": {"uv": [0, 15.31654, 5, 16], "texture": "#0"},
				"south": {"uv": [0, 14.35, 1.65, 15.03346], "texture": "#0"},
				"west": {"uv": [0, 14.35, 5, 15.03346], "texture": "#0"},
				"up": {"uv": [0, 9, 1.65, 14], "texture": "#0"},
				"down": {"uv": [0, 9, 1.65, 14], "texture": "#0"}
			}
		},
		{
			"name": "octagon",
			"from": [7.175, 5.90827, 11.25],
			"to": [8.825, 6.59173, 16.25],
			"rotation": {"angle": 0, "axis": "z", "origin": [8, 6.25, 13.25]},
			"faces": {
				"north": {"uv": [0, 14.35, 1.65, 15.03346], "texture": "#0"},
				"east": {"uv": [0, 14.35, 5, 14.93346], "texture": "#0"},
				"south": {"uv": [0, 14.35, 1.65, 15.03346], "texture": "#0"},
				"west": {"uv": [0, 14.35, 5, 14.93346], "texture": "#0"},
				"up": {"uv": [0, 9, 1.65, 14], "texture": "#0"},
				"down": {"uv": [0, 9, 1.65, 14], "texture": "#0"}
			}
		},
		{
			"name": "octagon",
			"from": [7.58579, 5.4, -3],
			"to": [8.41421, 7.4, 2.5],
			"rotation": {"angle": 45, "axis": "z", "origin": [8, 6.4, 0.5]},
			"faces": {
				"north": {"uv": [14, 0, 14.82842, 2], "texture": "#0"},
				"east": {"uv": [10.5, 0, 16, 2], "texture": "#0"},
				"south": {"uv": [14, 0, 14.82842, 2], "texture": "#0"},
				"west": {"uv": [10.5, 0, 16, 2], "texture": "#0"},
				"up": {"uv": [15.17158, 1, 16, 6.5], "texture": "#0"},
				"down": {"uv": [14, 7.5, 14.82842, 2], "texture": "#0"}
			}
		},
		{
			"name": "octagon",
			"from": [7.58579, 5.4, -3],
			"to": [8.41421, 7.4, 2.5],
			"rotation": {"angle": 0, "axis": "z", "origin": [8, 6.4, 0.5]},
			"faces": {
				"north": {"uv": [14, 0, 14.82842, 2], "texture": "#0"},
				"east": {"uv": [10.5, 0, 16, 2], "texture": "#0"},
				"south": {"uv": [14, 0, 14.82842, 2], "texture": "#0"},
				"west": {"uv": [10.5, 0, 16, 2], "texture": "#0"},
				"up": {"uv": [14, 2, 14.82842, 7.5], "texture": "#0"},
				"down": {"uv": [14, 7.5, 14.82842, 2], "texture": "#0"}
			}
		},
		{
			"name": "octagon",
			"from": [7, 5.98579, -3],
			"to": [9, 6.81421, 2.5],
			"rotation": {"angle": 45, "axis": "z", "origin": [8, 6.4, 0.5]},
			"faces": {
				"north": {"uv": [14, 0, 16, 0.82842], "texture": "#0"},
				"east": {"uv": [10.5, 0, 16, 0.82842], "texture": "#0"},
				"south": {"uv": [14, 0, 16, 0.82842], "texture": "#0"},
				"west": {"uv": [16, 0, 10.5, 0.82842], "texture": "#0"},
				"up": {"uv": [14, 2, 16, 7.5], "texture": "#0"},
				"down": {"uv": [14, 2, 16, 7.5], "texture": "#0"}
			}
		},
		{
			"name": "octagon",
			"from": [7, 5.98579, -3],
			"to": [9, 6.81421, 2.5],
			"rotation": {"angle": 0, "axis": "z", "origin": [8, 6.4, 0.5]},
			"faces": {
				"north": {"uv": [14, 0, 16, 0.82842], "texture": "#0"},
				"east": {"uv": [10.5, 0, 16, 0.82842], "texture": "#0"},
				"south": {"uv": [14, 0, 16, 0.82842], "texture": "#0"},
				"west": {"uv": [16, 0, 10.5, 0.82842], "texture": "#0"},
				"up": {"uv": [14, 2, 16, 7.5], "texture": "#0"},
				"down": {"uv": [14, 2, 16, 7.5], "texture": "#0"}
			}
		},
		{
			"name": "octagon",
			"from": [7.68934, 5.55, -3.25],
			"to": [8.31066, 7.05, -3],
			"rotation": {"angle": 45, "axis": "z", "origin": [8, 6.3, -5]},
			"faces": {
				"north": {"uv": [0, 0, 0.62132, 1.5], "texture": "#0"},
				"east": {"uv": [0, 0, 0.25, 1.5], "texture": "#0"},
				"south": {"uv": [0, 0, 0.62132, 1.5], "texture": "#0"},
				"west": {"uv": [0, 0, 0.25, 1.5], "texture": "#0"},
				"up": {"uv": [0, 0, 0.62132, 0.25], "texture": "#0"},
				"down": {"uv": [0, 0, 0.62132, 0.25], "texture": "#0"}
			}
		},
		{
			"name": "octagon",
			"from": [7.68934, 5.55, -3.25],
			"to": [8.31066, 7.05, -3],
			"rotation": {"angle": 0, "axis": "z", "origin": [8, 6.3, -5]},
			"faces": {
				"north": {"uv": [0, 0, 0.62132, 1.5], "texture": "#0"},
				"east": {"uv": [0, 0, 0.25, 1.5], "texture": "#0"},
				"south": {"uv": [0, 0, 0.62132, 1.5], "texture": "#0"},
				"west": {"uv": [0, 0, 0.25, 1.5], "texture": "#0"},
				"up": {"uv": [0, 0, 0.62132, 0.25], "texture": "#0"},
				"down": {"uv": [0, 0, 0.62132, 0.25], "texture": "#0"}
			}
		},
		{
			"name": "octagon",
			"from": [7.25, 5.98934, -3.25],
			"to": [8.75, 6.61066, -3],
			"rotation": {"angle": 45, "axis": "z", "origin": [8, 6.3, -5]},
			"faces": {
				"north": {"uv": [0, 0, 1.5, 0.62132], "texture": "#0"},
				"east": {"uv": [0, 0, 0.25, 0.62132], "texture": "#0"},
				"south": {"uv": [0, 0, 1.5, 0.62132], "texture": "#0"},
				"west": {"uv": [0, 0, 0.25, 0.62132], "texture": "#0"},
				"up": {"uv": [0, 0, 1.5, 0.25], "texture": "#0"},
				"down": {"uv": [0, 0, 1.5, 0.25], "texture": "#0"}
			}
		},
		{
			"name": "octagon",
			"from": [7.25, 5.98934, -3.25],
			"to": [8.75, 6.61066, -3],
			"rotation": {"angle": 0, "axis": "z", "origin": [8, 6.3, -5]},
			"faces": {
				"north": {"uv": [0, 0, 1.5, 0.62132], "texture": "#0"},
				"east": {"uv": [0, 0, 0.25, 0.62132], "texture": "#0"},
				"south": {"uv": [0, 0, 1.5, 0.62132], "texture": "#0"},
				"west": {"uv": [0, 0, 0.25, 0.62132], "texture": "#0"},
				"up": {"uv": [0, 0, 1.5, 0.25], "texture": "#0"},
				"down": {"uv": [0, 0, 1.5, 0.25], "texture": "#0"}
			}
		},
		{
			"name": "octagon",
			"from": [7.79289, 5.75, -9.25],
			"to": [8.20711, 6, -3.25],
			"rotation": {"angle": 45, "axis": "z", "origin": [8, 6.25, -5.25]},
			"faces": {
				"north": {"uv": [0, 0, 0.41422, 0.25], "texture": "#0"},
				"east": {"uv": [0, 0, 6, 0.25], "texture": "#0"},
				"south": {"uv": [0, 0, 0.41422, 0.25], "texture": "#0"},
				"west": {"uv": [0, 0, 6, 0.25], "texture": "#0"},
				"up": {"uv": [0, 0, 0.41422, 6], "texture": "#0"},
				"down": {"uv": [0, 0, 0.41422, 6], "texture": "#0"}
			}
		},
		{
			"name": "octagon",
			"from": [7.79289, 5.75, -9.25],
			"to": [8.20711, 6, -3.25],
			"rotation": {"angle": 0, "axis": "z", "origin": [8, 6.25, -5.25]},
			"faces": {
				"north": {"uv": [0, 0, 0.41422, 0.25], "texture": "#0"},
				"east": {"uv": [0, 0, 6, 0.25], "texture": "#0"},
				"south": {"uv": [0, 0, 0.41422, 0.25], "texture": "#0"},
				"west": {"uv": [0, 0, 6, 0.25], "texture": "#0"},
				"up": {"uv": [0, 0, 0.41422, 6], "texture": "#0"},
				"down": {"uv": [0, 0, 0.41422, 6], "texture": "#0"}
			}
		},
		{
			"name": "octagon",
			"from": [7.79289, 6.5, -9.25],
			"to": [8.20711, 6.75, -3.25],
			"rotation": {"angle": 45, "axis": "z", "origin": [8, 6.25, -5.25]},
			"faces": {
				"north": {"uv": [0, 0, 0.41422, 0.25], "texture": "#0"},
				"east": {"uv": [0, 0, 6, 0.25], "texture": "#0"},
				"south": {"uv": [0, 0, 0.41422, 0.25], "texture": "#0"},
				"west": {"uv": [0, 0, 6, 0.25], "texture": "#0"},
				"up": {"uv": [0, 0, 0.41422, 6], "texture": "#0"},
				"down": {"uv": [0, 0, 0.41422, 6], "texture": "#0"}
			}
		},
		{
			"name": "octagon",
			"from": [7.79289, 6.5, -9.25],
			"to": [8.20711, 6.75, -3.25],
			"rotation": {"angle": 0, "axis": "z", "origin": [8, 6.25, -5.25]},
			"faces": {
				"north": {"uv": [0, 0, 0.41422, 0.25], "texture": "#0"},
				"east": {"uv": [0, 0, 6, 0.25], "texture": "#0"},
				"south": {"uv": [0, 0, 0.41422, 0.25], "texture": "#0"},
				"west": {"uv": [0, 0, 6, 0.25], "texture": "#0"},
				"up": {"uv": [0, 0, 0.41422, 6], "texture": "#0"},
				"down": {"uv": [0, 0, 0.41422, 6], "texture": "#0"}
			}
		},
		{
			"name": "octagon",
			"from": [7.5, 6.04289, -9.25],
			"to": [7.75, 6.45711, -3.25],
			"rotation": {"angle": 45, "axis": "z", "origin": [8, 6.25, -5.25]},
			"faces": {
				"north": {"uv": [0, 0, 0.25, 0.41422], "texture": "#0"},
				"east": {"uv": [0, 0, 6, 0.41422], "texture": "#0"},
				"south": {"uv": [0, 0, 0.25, 0.41422], "texture": "#0"},
				"west": {"uv": [0, 0, 6, 0.41422], "texture": "#0"},
				"up": {"uv": [0, 0, 0.25, 6], "texture": "#0"},
				"down": {"uv": [0, 0, 0.25, 6], "texture": "#0"}
			}
		},
		{
			"name": "octagon",
			"from": [7.5, 6.04289, -9.25],
			"to": [7.75, 6.45711, -3.25],
			"rotation": {"angle": 0, "axis": "z", "origin": [8, 6.25, -5.25]},
			"faces": {
				"north": {"uv": [0, 0, 0.25, 0.41422], "texture": "#0"},
				"east": {"uv": [0, 0, 6, 0.41422], "texture": "#0"},
				"south": {"uv": [0, 0, 0.25, 0.41422], "texture": "#0"},
				"west": {"uv": [0, 0, 6, 0.41422], "texture": "#0"},
				"up": {"uv": [0, 0, 0.25, 6], "texture": "#0"},
				"down": {"uv": [0, 0, 0.25, 6], "texture": "#0"}
			}
		},
		{
			"name": "octagon",
			"from": [8.25, 6.04289, -9.25],
			"to": [8.5, 6.45711, -3.25],
			"rotation": {"angle": 45, "axis": "z", "origin": [8, 6.25, -5.25]},
			"faces": {
				"north": {"uv": [0, 0, 0.25, 0.41422], "texture": "#0"},
				"east": {"uv": [0, 0, 6, 0.41422], "texture": "#0"},
				"south": {"uv": [0, 0, 0.25, 0.41422], "texture": "#0"},
				"west": {"uv": [0, 0, 6, 0.41422], "texture": "#0"},
				"up": {"uv": [0, 0, 0.25, 6], "texture": "#0"},
				"down": {"uv": [0, 0, 0.25, 6], "texture": "#0"}
			}
		},
		{
			"name": "octagon",
			"from": [8.25, 6.04289, -9.25],
			"to": [8.5, 6.45711, -3.25],
			"rotation": {"angle": 0, "axis": "z", "origin": [8, 6.25, -5.25]},
			"faces": {
				"north": {"uv": [0, 0, 0.25, 0.41422], "texture": "#0"},
				"east": {"uv": [0, 0, 6, 0.41422], "texture": "#0"},
				"south": {"uv": [0, 0, 0.25, 0.41422], "texture": "#0"},
				"west": {"uv": [0, 0, 6, 0.41422], "texture": "#0"},
				"up": {"uv": [0, 0, 0.25, 6], "texture": "#0"},
				"down": {"uv": [0, 0, 0.25, 6], "texture": "#0"}
			}
		},
		{
			"from": [7.5, 6.45, -4.75],
			"to": [8.5, 6.85, -3.25],
			"rotation": {"angle": 0, "axis": "y", "origin": [7, 5, -5]},
			"faces": {
				"north": {"uv": [0, 0, 1, 0.4], "texture": "#0"},
				"east": {"uv": [0, 0, 1.5, 0.4], "texture": "#0"},
				"south": {"uv": [0, 0, 1, 0.4], "texture": "#0"},
				"west": {"uv": [0, 0, 1.5, 0.4], "texture": "#0"},
				"up": {"uv": [0, 0, 1, 1.5], "texture": "#0"},
				"down": {"uv": [0, 0, 1, 1.5], "texture": "#0"}
			}
		},
		{
			"from": [8.25, 6.85, -4.75],
			"to": [8.5, 8.35, -4.35],
			"rotation": {"angle": 0, "axis": "y", "origin": [7, 5, -4.9]},
			"faces": {
				"north": {"uv": [0, 0, 0.25, 1.5], "texture": "#0"},
				"east": {"uv": [0, 0, 0.4, 1.5], "texture": "#0"},
				"south": {"uv": [0, 0, 0.25, 1.5], "texture": "#0"},
				"west": {"uv": [0, 0, 0.4, 1.5], "texture": "#0"},
				"up": {"uv": [0, 0, 0.25, 0.4], "texture": "#0"},
				"down": {"uv": [0, 0, 0.25, 0.4], "texture": "#0"}
			}
		},
		{
			"from": [7.75, 6.85, -4.75],
			"to": [8.25, 8.2, -4.35],
			"rotation": {"angle": 0, "axis": "y", "origin": [7, 5, -5]},
			"faces": {
				"north": {"uv": [0, 0, 0.5, 1.35], "texture": "#0"},
				"east": {"uv": [0, 0, 0.4, 1.35], "texture": "#0"},
				"south": {"uv": [0, 0, 0.5, 1.35], "texture": "#0"},
				"west": {"uv": [0, 0, 0.4, 1.35], "texture": "#0"},
				"up": {"uv": [0, 0, 0.5, 0.4], "texture": "#0"},
				"down": {"uv": [0, 0, 0.5, 0.4], "texture": "#0"}
			}
		},
		{
			"from": [7.75, 7.85, -4.35],
			"to": [8.25, 8.2, -4.2],
			"rotation": {"angle": 0, "axis": "y", "origin": [7, 5, -5]},
			"faces": {
				"north": {"uv": [0, 0, 0.5, 1.35], "texture": "#0"},
				"east": {"uv": [0, 0, 0.4, 1.35], "texture": "#0"},
				"south": {"uv": [0, 0, 0.5, 1.35], "texture": "#0"},
				"west": {"uv": [0, 0, 0.4, 1.35], "texture": "#0"},
				"up": {"uv": [0, 0, 0.5, 0.4], "texture": "#0"},
				"down": {"uv": [0, 0, 0.5, 0.4], "texture": "#0"}
			}
		},
		{
			"from": [7.5, 6.85, -4.75],
			"to": [7.75, 8.35, -4.35],
			"rotation": {"angle": 0, "axis": "y", "origin": [6.25, 5, -4.9]},
			"faces": {
				"north": {"uv": [0, 0, 0.25, 1.5], "texture": "#0"},
				"east": {"uv": [0, 0, 0.4, 1.5], "texture": "#0"},
				"south": {"uv": [0, 0, 0.25, 1.5], "texture": "#0"},
				"west": {"uv": [0, 0, 0.4, 1.5], "texture": "#0"},
				"up": {"uv": [0, 0, 0.25, 0.4], "texture": "#0"},
				"down": {"uv": [0, 0, 0.25, 0.4], "texture": "#0"}
			}
		},
		{
			"from": [8.25, 5.978, -4.057],
			"to": [8.5, 8.478, -3.757],
			"rotation": {"angle": -45, "axis": "x", "origin": [8, 7.7, -3.9]},
			"faces": {
				"north": {"uv": [0, 0, 0.25, 2.5], "texture": "#0"},
				"east": {"uv": [0, 0, 0.3, 2.5], "texture": "#0"},
				"south": {"uv": [0, 0, 0.25, 2.5], "texture": "#0"},
				"west": {"uv": [0, 0, 0.3, 2.5], "texture": "#0"},
				"up": {"uv": [0, 0, 0.25, 0.3], "texture": "#0"},
				"down": {"uv": [0, 0, 0.25, 0.3], "texture": "#0"}
			}
		},
		{
			"from": [7.75, 6.52, -4.057],
			"to": [8.25, 8.27, -3.757],
			"rotation": {"angle": -45, "axis": "x", "origin": [8, 7.7, -3.9]},
			"faces": {
				"north": {"uv": [0, 0, 0.5, 1.75], "texture": "#0"},
				"east": {"uv": [0, 0, 0.3, 1.75], "texture": "#0"},
				"south": {"uv": [0, 0, 0.5, 1.75], "texture": "#0"},
				"west": {"uv": [0, 0, 0.3, 1.75], "texture": "#0"},
				"up": {"uv": [0, 0, 0.5, 0.3], "texture": "#0"},
				"down": {"uv": [0, 0, 0.5, 0.3], "texture": "#0"}
			}
		},
		{
			"from": [7.5, 5.978, -4.057],
			"to": [7.75, 8.478, -3.757],
			"rotation": {"angle": -45, "axis": "x", "origin": [8, 7.7, -3.9]},
			"faces": {
				"north": {"uv": [0, 0, 0.25, 2.5], "texture": "#0"},
				"east": {"uv": [0, 0, 0.3, 2.5], "texture": "#0"},
				"south": {"uv": [0, 0, 0.25, 2.5], "texture": "#0"},
				"west": {"uv": [0, 0, 0.3, 2.5], "texture": "#0"},
				"up": {"uv": [0, 0, 0.25, 0.3], "texture": "#0"},
				"down": {"uv": [0, 0, 0.25, 0.3], "texture": "#0"}
			}
		},
		{
			"name": "octagon",
			"from": [7.35, 7.24467, 9.275],
			"to": [8.65, 7.55533, 10.025],
			"rotation": {"angle": 45, "axis": "x", "origin": [8, 7.4, 9.65]},
			"faces": {
				"north": {"uv": [1, 4, 2.3, 4.31066], "texture": "#0"},
				"east": {"uv": [1, 4, 1.75, 4.31066], "texture": "#0"},
				"south": {"uv": [1, 4, 2.3, 4.31066], "texture": "#0"},
				"west": {"uv": [1, 4, 1.75, 4.31066], "texture": "#0"},
				"up": {"uv": [1, 4, 2.3, 4.75], "texture": "#0"},
				"down": {"uv": [1, 4, 2.3, 4.75], "texture": "#0"}
			}
		},
		{
			"name": "octagon",
			"from": [7.35, 7.24467, 9.275],
			"to": [8.65, 7.55533, 10.025],
			"rotation": {"angle": 0, "axis": "x", "origin": [8, 7.4, 9.65]},
			"faces": {
				"north": {"uv": [1, 4, 2.3, 4.31066], "texture": "#0"},
				"east": {"uv": [1, 4, 1.75, 4.31066], "texture": "#0"},
				"south": {"uv": [1, 4, 2.3, 4.31066], "texture": "#0"},
				"west": {"uv": [1, 4, 1.75, 4.31066], "texture": "#0"},
				"up": {"uv": [1, 4, 2.3, 4.75], "texture": "#0"},
				"down": {"uv": [1, 4, 2.3, 4.75], "texture": "#0"}
			}
		},
		{
			"name": "octagon",
			"from": [7.35, 7.025, 9.49467],
			"to": [8.65, 7.775, 9.80533],
			"rotation": {"angle": 45, "axis": "x", "origin": [8, 7.4, 9.65]},
			"faces": {
				"north": {"uv": [1, 4, 2.3, 4.75], "texture": "#0"},
				"east": {"uv": [1, 4, 1.31066, 4.75], "texture": "#0"},
				"south": {"uv": [1, 4, 2.3, 4.75], "texture": "#0"},
				"west": {"uv": [1, 4, 1.31066, 4.75], "texture": "#0"},
				"up": {"uv": [1, 4, 2.3, 4.31066], "texture": "#0"},
				"down": {"uv": [1, 4, 2.3, 4.31066], "texture": "#0"}
			}
		},
		{
			"name": "octagon",
			"from": [7.35, 7.025, 9.49467],
			"to": [8.65, 7.775, 9.80533],
			"rotation": {"angle": 0, "axis": "x", "origin": [8, 7.4, 9.65]},
			"faces": {
				"north": {"uv": [1, 4, 2.3, 4.75], "texture": "#0"},
				"east": {"uv": [1, 4, 1.31066, 4.75], "texture": "#0"},
				"south": {"uv": [1, 4, 2.3, 4.75], "texture": "#0"},
				"west": {"uv": [1, 4, 1.31066, 4.75], "texture": "#0"},
				"up": {"uv": [1, 4, 2.3, 4.31066], "texture": "#0"},
				"down": {"uv": [1, 4, 2.3, 4.31066], "texture": "#0"}
			}
		},
		{
			"name": "octagon",
			"from": [7.8136, 5.85, -8.75],
			"to": [8.1864, 6.75, -8.75],
			"rotation": {"angle": 45, "axis": "z", "origin": [8, 6.3, -6.75]},
			"faces": {
				"north": {"uv": [3, 11, 4, 12], "texture": "#0"},
				"east": {"uv": [3, 11, 4, 12], "texture": "#0"},
				"south": {"uv": [3, 11, 4, 12], "texture": "#0"},
				"west": {"uv": [3, 11, 4, 12], "texture": "#0"},
				"up": {"uv": [3, 11, 4, 12], "texture": "#0"},
				"down": {"uv": [3, 11, 4, 12], "texture": "#0"}
			}
		},
		{
			"name": "octagon",
			"from": [7.8136, 5.85, -8.75],
			"to": [8.1864, 6.75, -8.75],
			"rotation": {"angle": 0, "axis": "z", "origin": [8, 6.3, -6.75]},
			"faces": {
				"north": {"uv": [3, 11, 4, 12], "texture": "#0"},
				"east": {"uv": [3, 11, 4, 12], "texture": "#0"},
				"south": {"uv": [3, 11, 4, 12], "texture": "#0"},
				"west": {"uv": [3, 11, 4, 12], "texture": "#0"},
				"up": {"uv": [3, 11, 4, 12], "texture": "#0"},
				"down": {"uv": [3, 11, 4, 12], "texture": "#0"}
			}
		},
		{
			"name": "octagon",
			"from": [7.55, 6.1136, -8.75],
			"to": [8.45, 6.4864, -8.75],
			"rotation": {"angle": 45, "axis": "z", "origin": [8, 6.3, -6.75]},
			"faces": {
				"north": {"uv": [3, 11, 4, 12], "texture": "#0"},
				"east": {"uv": [3, 11, 4, 12], "texture": "#0"},
				"south": {"uv": [3, 11, 4, 12], "texture": "#0"},
				"west": {"uv": [3, 11, 4, 12], "texture": "#0"},
				"up": {"uv": [3, 11, 4, 12], "texture": "#0"},
				"down": {"uv": [3, 11, 4, 12], "texture": "#0"}
			}
		},
		{
			"name": "octagon",
			"from": [7.55, 6.1136, -8.75],
			"to": [8.45, 6.4864, -8.75],
			"rotation": {"angle": 0, "axis": "z", "origin": [8, 6.3, -6.75]},
			"faces": {
				"north": {"uv": [3, 11, 4, 12], "texture": "#0"},
				"east": {"uv": [3, 11, 4, 12], "texture": "#0"},
				"south": {"uv": [3, 11, 4, 12], "texture": "#0"},
				"west": {"uv": [3, 11, 4, 12], "texture": "#0"},
				"up": {"uv": [3, 11, 4, 12], "texture": "#0"},
				"down": {"uv": [3, 11, 4, 12], "texture": "#0"}
			}
		}
	],
	"display": {
		"thirdperson_righthand": {
			"translation": [0, 3, 1.25]
		},
		"thirdperson_lefthand": {
			"translation": [0, 3, 1.25]
		},
		"firstperson_righthand": {
			"rotation": [0, -10, 0],
			"translation": [1.1, 7.25, 1.25]
		},
		"firstperson_lefthand": {
			"rotation": [0, -10, 0],
			"translation": [1.1, 7.25, 1.25]
		},
		"ground": {
			"rotation": [0, 0, -90],
			"translation": [2.5, -1.75, 3.75],
			"scale": [0.85, 0.85, 0.85]
		},
		"gui": {
			"rotation": [17, 117, 0],
			"translation": [2.5, 3.25, 0],
			"scale": [1.15, 1.15, 1.15]
		},
		"head": {
			"translation": [0, -23.25, -8.5]
		},
		"fixed": {
			"rotation": [0, -90, 0],
			"translation": [-3.75, 2.5, 0]
		}
	},
	"groups": [
		0,
		1,
		2,
		3,
		4,
		5,
		6,
		7,
		{
			"name": "octagon",
			"origin": [8, 8, 8],
			"color": 9,
			"children": [8, 9, 10, 11]
		},
		{
			"name": "octagon",
			"origin": [8, 8, 8],
			"color": 9,
			"children": [12, 13, 14, 15]
		},
		{
			"name": "octagon",
			"origin": [8, 8, 8],
			"color": 9,
			"children": [16, 17, 18, 19, 20, 21, 22, 23]
		},
		{
			"name": "octagon",
			"origin": [8, 8, 8],
			"color": 9,
			"children": [24, 25, 26, 27]
		},
		{
			"name": "octagon",
			"origin": [8, 8, 8],
			"color": 9,
			"children": [28, 29, 30, 31]
		},
		{
			"name": "octagon",
			"origin": [8, 8, 8],
			"color": 9,
			"children": [32, 33, 34, 35, 36, 37, 38, 39]
		},
		40,
		41,
		42,
		43,
		44,
		45,
		46,
		47,
		{
			"name": "octagon",
			"origin": [8, 8, 8],
			"color": 9,
			"children": [48, 49, 50, 51]
		},
		{
			"name": "octagon",
			"origin": [8, 8, 8],
			"color": 0,
			"children": [52, 53, 54, 55]
		}
	]
}