{
	"credit": "Made with Blockbench",
	"textures": {
		"0": "modern_guns:item/m72_law",
		"particle": "modern_guns:item/m72_law"
	},
	"elements": [
		{
			"from": [7, 4.25, 15],
			"to": [9, 6.25, 15.5],
			"rotation": {"angle": 22.5, "axis": "x", "origin": [8, 5.25, 15.25]},
			"faces": {
				"north": {"uv": [10, 3, 12, 5], "texture": "#0"},
				"east": {"uv": [11, 3, 11.5, 5], "texture": "#0"},
				"south": {"uv": [10, 3, 12, 5], "texture": "#0"},
				"west": {"uv": [11, 4, 11.5, 6], "texture": "#0"},
				"up": {"uv": [10, 5, 12, 5.5], "texture": "#0"},
				"down": {"uv": [10, 4, 12, 4.5], "texture": "#0"}
			}
		},
		{
			"from": [7, 1.95, 15.29],
			"to": [9, 4.95, 15.79],
			"rotation": {"angle": -45, "axis": "x", "origin": [8, 3.9, 15.6]},
			"faces": {
				"north": {"uv": [11, 3, 13, 6], "texture": "#0"},
				"east": {"uv": [12, 3, 12.5, 6], "texture": "#0"},
				"south": {"uv": [10, 3, 12, 6], "texture": "#0"},
				"west": {"uv": [11, 3, 11.5, 6], "texture": "#0"},
				"up": {"uv": [11, 5, 13, 5.5], "texture": "#0"},
				"down": {"uv": [11, 4, 13, 4.5], "texture": "#0"}
			}
		},
		{
			"from": [7, 9, 1],
			"to": [9, 11, 11],
			"rotation": {"angle": 0, "axis": "y", "origin": [7, 9, 6]},
			"faces": {
				"north": {"uv": [4, 4, 6, 6], "texture": "#0"},
				"east": {"uv": [4, 4, 14, 6], "texture": "#0"},
				"south": {"uv": [4, 4, 6, 6], "texture": "#0"},
				"west": {"uv": [4, 4, 14, 6], "texture": "#0"},
				"up": {"uv": [4, 6, 6, 16], "texture": "#0"},
				"down": {"uv": [4, 6, 6, 16], "texture": "#0"}
			}
		},
		{
			"from": [7.25, 11.01, 5.5],
			"to": [8.75, 11.01, 6.5],
			"rotation": {"angle": 0, "axis": "y", "origin": [7, 9, 6]},
			"faces": {
				"north": {"uv": [0, 0, 1.5, 0], "texture": "#0"},
				"east": {"uv": [0, 0, 1, 0], "texture": "#0"},
				"south": {"uv": [0, 0, 1.5, 0], "texture": "#0"},
				"west": {"uv": [0, 0, 1, 0], "texture": "#0"},
				"up": {"uv": [9, 9, 10.5, 10], "texture": "#0"},
				"down": {"uv": [9, 9, 10.5, 10], "texture": "#0"}
			}
		},
		{
			"from": [6.75, 9, -4.5],
			"to": [9.25, 11, 1],
			"rotation": {"angle": 0, "axis": "y", "origin": [7, 9, 6]},
			"faces": {
				"north": {"uv": [0, 0, 2.5, 2], "texture": "#0"},
				"east": {"uv": [0, 0, 5.5, 2], "texture": "#0"},
				"south": {"uv": [0, 0, 2.5, 2], "texture": "#0"},
				"west": {"uv": [0, 0, 5.5, 2], "texture": "#0"},
				"up": {"uv": [0, 0, 2.5, 5.5], "texture": "#0"},
				"down": {"uv": [0, 0, 2.5, 5.5], "texture": "#0"}
			}
		},
		{
			"from": [6.75, 11, -4],
			"to": [7.25, 13.5, -3.5],
			"rotation": {"angle": 0, "axis": "y", "origin": [7, 9, 6]},
			"faces": {
				"north": {"uv": [0, 0, 0.5, 2.5], "texture": "#0"},
				"east": {"uv": [0, 0, 0.5, 2.5], "texture": "#0"},
				"south": {"uv": [0, 0, 0.5, 2.5], "texture": "#0"},
				"west": {"uv": [0, 0, 0.5, 2.5], "texture": "#0"},
				"up": {"uv": [0, 0, 0.5, 0.5], "texture": "#0"},
				"down": {"uv": [0, 0, 0.5, 0.5], "texture": "#0"}
			}
		},
		{
			"from": [7.25, 13, -4],
			"to": [8.75, 13.5, -3.5],
			"rotation": {"angle": 0, "axis": "y", "origin": [7, 9, 6]},
			"faces": {
				"north": {"uv": [0, 0, 1.5, 0.5], "texture": "#0"},
				"east": {"uv": [0, 0, 0.5, 0.5], "texture": "#0"},
				"south": {"uv": [0, 0, 1.5, 0.5], "texture": "#0"},
				"west": {"uv": [0, 0, 0.5, 0.5], "texture": "#0"},
				"up": {"uv": [0, 0, 1.5, 0.5], "texture": "#0"},
				"down": {"uv": [0, 0, 1.5, 0.5], "texture": "#0"}
			}
		},
		{
			"from": [8.75, 11, -4],
			"to": [9.25, 13.5, -3.5],
			"rotation": {"angle": 0, "axis": "y", "origin": [7, 9, 6]},
			"faces": {
				"north": {"uv": [0, 0, 0.5, 2.5], "texture": "#0"},
				"east": {"uv": [0, 0, 0.5, 2.5], "texture": "#0"},
				"south": {"uv": [0, 0, 0.5, 2.5], "texture": "#0"},
				"west": {"uv": [0, 0, 0.5, 2.5], "texture": "#0"},
				"up": {"uv": [0, 0, 0.5, 0.5], "texture": "#0"},
				"down": {"uv": [0, 0, 0.5, 0.5], "texture": "#0"}
			}
		},
		{
			"from": [7.25, 9, 11],
			"to": [8.75, 11, 15],
			"rotation": {"angle": 0, "axis": "y", "origin": [7, 9, 6]},
			"faces": {
				"north": {"uv": [12, 4, 13.5, 6], "texture": "#0"},
				"east": {"uv": [12, 2, 16, 4], "texture": "#0"},
				"south": {"uv": [12, 2, 13.5, 4], "texture": "#0"},
				"west": {"uv": [12, 2, 16, 4], "texture": "#0"},
				"up": {"uv": [12, 2, 13.5, 6], "texture": "#0"},
				"down": {"uv": [12, 2, 13.5, 6], "texture": "#0"}
			}
		},
		{
			"from": [7.5, 10.2, 12.25],
			"to": [8.5, 11.2, 14.25],
			"rotation": {"angle": 22.5, "axis": "x", "origin": [8, 10.95, 13.25]},
			"faces": {
				"north": {"uv": [9, 10, 10.5, 12], "texture": "#0"},
				"east": {"uv": [9, 10, 13, 12], "texture": "#0"},
				"south": {"uv": [10, 10, 11.5, 12], "texture": "#0"},
				"west": {"uv": [9, 10, 13, 12], "texture": "#0"},
				"up": {"uv": [9, 10, 10.5, 14], "texture": "#0"},
				"down": {"uv": [9, 10, 10.5, 14], "texture": "#0"}
			}
		},
		{
			"from": [8.451, 11.5, 14.75],
			"to": [8.751, 13.5, 15.15],
			"rotation": {"angle": 0, "axis": "y", "origin": [7, 9, 6]},
			"faces": {
				"north": {"uv": [5, 0, 5.3, 2], "texture": "#0"},
				"east": {"uv": [6, 0, 6.4, 2], "texture": "#0"},
				"south": {"uv": [5, 0, 5.3, 2], "texture": "#0"},
				"west": {"uv": [6, 0, 6.4, 2], "texture": "#0"},
				"up": {"uv": [5, 0, 5.3, 0.4], "texture": "#0"},
				"down": {"uv": [5, 1, 5.3, 1.4], "texture": "#0"}
			}
		},
		{
			"from": [7.251, 11.5, 14.75],
			"to": [7.551, 13.5, 15.15],
			"rotation": {"angle": 0, "axis": "y", "origin": [7, 9, 6]},
			"faces": {
				"north": {"uv": [5, 0, 5.3, 2], "texture": "#0"},
				"east": {"uv": [6, 0, 6.4, 2], "texture": "#0"},
				"south": {"uv": [5, 0, 5.3, 2], "texture": "#0"},
				"west": {"uv": [6, 0, 6.4, 2], "texture": "#0"},
				"up": {"uv": [5, 0, 5.3, 0.4], "texture": "#0"},
				"down": {"uv": [5, 1, 5.3, 1.4], "texture": "#0"}
			}
		},
		{
			"from": [7.251, 10.75, 14.75],
			"to": [8.751, 11.5, 15.15],
			"rotation": {"angle": 0, "axis": "y", "origin": [7, 9, 6]},
			"faces": {
				"north": {"uv": [5, 1, 6.5, 1.75], "texture": "#0"},
				"east": {"uv": [6, 1, 6.4, 1.75], "texture": "#0"},
				"south": {"uv": [5, 1, 6.5, 1.75], "texture": "#0"},
				"west": {"uv": [6, 1, 6.4, 1.75], "texture": "#0"},
				"up": {"uv": [5, 1, 6.5, 1.4], "texture": "#0"},
				"down": {"uv": [5, 1, 6.5, 1.4], "texture": "#0"}
			}
		},
		{
			"from": [7.251, 13.5, 14.75],
			"to": [8.751, 14.25, 15.15],
			"rotation": {"angle": 0, "axis": "y", "origin": [7, 9, 6]},
			"faces": {
				"north": {"uv": [5, 0, 6.5, 0.75], "texture": "#0"},
				"east": {"uv": [6, 0, 6.4, 0.75], "texture": "#0"},
				"south": {"uv": [5, 0, 6.5, 0.75], "texture": "#0"},
				"west": {"uv": [6, 0, 6.4, 0.75], "texture": "#0"},
				"up": {"uv": [5, 0, 6.5, 0.4], "texture": "#0"},
				"down": {"uv": [5, 1, 6.5, 1.4], "texture": "#0"}
			}
		},
		{
			"from": [7.25, 9, 15],
			"to": [8.75, 10.5, 29.75],
			"rotation": {"angle": 0, "axis": "y", "origin": [7, 9, 10]},
			"faces": {
				"north": {"uv": [3, 2, 4.5, 3.5], "texture": "#0"},
				"east": {"uv": [1.5, 2, 16, 3.5], "texture": "#0"},
				"south": {"uv": [3, 14.5, 4.5, 16], "texture": "#0"},
				"west": {"uv": [1.5, 2, 16, 3.5], "texture": "#0"},
				"up": {"uv": [3, 1.5, 4.5, 16], "texture": "#0"},
				"down": {"uv": [3, 1.5, 4.5, 16], "texture": "#0"}
			}
		},
		{
			"from": [7.25, 10.5, 27],
			"to": [8.75, 11.5, 29],
			"rotation": {"angle": 0, "axis": "y", "origin": [7, 9, 10]},
			"faces": {
				"north": {"uv": [12, 2, 13.5, 3], "texture": "#0"},
				"east": {"uv": [12, 2, 14, 3], "texture": "#0"},
				"south": {"uv": [12, 2, 13.5, 3], "texture": "#0"},
				"west": {"uv": [12, 3, 14, 4], "texture": "#0"},
				"up": {"uv": [12, 2, 13.5, 4], "texture": "#0"},
				"down": {"uv": [12, 2, 13.5, 4], "texture": "#0"}
			}
		},
		{
			"name": "octagon",
			"from": [7.17157, 6, -4.99],
			"to": [8.82843, 6.75, 4.01],
			"rotation": {"angle": 45, "axis": "z", "origin": [8, 8, 5]},
			"faces": {
				"north": {"uv": [0, 0, 1.65685, 0.75], "texture": "#0"},
				"east": {"uv": [0, 0, 9, 0.75], "texture": "#0"},
				"south": {"uv": [0, 0, 1.65685, 0.75], "texture": "#0"},
				"west": {"uv": [0, 0, 9, 0.75], "texture": "#0"},
				"up": {"uv": [0, 0, 1.65685, 9], "texture": "#0"},
				"down": {"uv": [0, 11, 1.65685, 2], "texture": "#0"}
			}
		},
		{
			"name": "octagon",
			"from": [7.17157, 6, -5],
			"to": [8.82843, 6.75, 4],
			"rotation": {"angle": 0, "axis": "z", "origin": [8, 8, 5]},
			"faces": {
				"north": {"uv": [0, 0, 1.65685, 0.75], "texture": "#0"},
				"east": {"uv": [0, 0, 9, 0.75], "texture": "#0"},
				"south": {"uv": [0, 0, 1.65685, 0.75], "texture": "#0"},
				"west": {"uv": [0, 0, 9, 0.75], "texture": "#0"},
				"up": {"uv": [0, 0, 1.65685, 9], "texture": "#0"},
				"down": {"uv": [0, 11, 1.65685, 2], "texture": "#0"}
			}
		},
		{
			"name": "octagon",
			"from": [7.17157, 9.25, -4.99],
			"to": [8.82843, 10, 4.01],
			"rotation": {"angle": 45, "axis": "z", "origin": [8, 8, 5]},
			"faces": {
				"north": {"uv": [0, 0, 1.65685, 0.75], "texture": "#0"},
				"east": {"uv": [0, 0, 9, 0.75], "texture": "#0"},
				"south": {"uv": [0, 0, 1.65685, 0.75], "texture": "#0"},
				"west": {"uv": [0, 0, 9, 0.75], "texture": "#0"},
				"up": {"uv": [0, 2, 1.65685, 11], "texture": "#0"},
				"down": {"uv": [0, 0, 1.65685, 9], "texture": "#0"}
			}
		},
		{
			"name": "octagon",
			"from": [7.17157, 9.25, -5],
			"to": [8.82843, 10, 4],
			"rotation": {"angle": 0, "axis": "z", "origin": [8, 8, 5]},
			"faces": {
				"north": {"uv": [0, 0, 1.65685, 0.75], "texture": "#0"},
				"east": {"uv": [0, 0, 9, 0.75], "texture": "#0"},
				"south": {"uv": [0, 0, 1.65685, 0.75], "texture": "#0"},
				"west": {"uv": [0, 0, 9, 0.75], "texture": "#0"},
				"up": {"uv": [0, 0, 1.65685, 9], "texture": "#0"},
				"down": {"uv": [0, 0, 1.65685, 9], "texture": "#0"}
			}
		},
		{
			"name": "octagon",
			"from": [6, 7.17157, -4.99],
			"to": [6.75, 8.82843, 4.01],
			"rotation": {"angle": 45, "axis": "z", "origin": [8, 8, 5]},
			"faces": {
				"north": {"uv": [0, 0, 0.75, 1.65685], "texture": "#0"},
				"east": {"uv": [9, 0, 0, 1.65685], "texture": "#0"},
				"south": {"uv": [0, 0, 0.75, 1.65685], "texture": "#0"},
				"west": {"uv": [0, 0, 9, 1.65685], "texture": "#0"},
				"up": {"uv": [0, 0, 0.75, 9], "texture": "#0"},
				"down": {"uv": [0, 0, 0.75, 9], "texture": "#0"}
			}
		},
		{
			"name": "octagon",
			"from": [6, 7.17157, -5],
			"to": [6.75, 8.82843, 4],
			"rotation": {"angle": 0, "axis": "z", "origin": [8, 8, 5]},
			"faces": {
				"north": {"uv": [0, 0, 0.75, 1.65685], "texture": "#0"},
				"east": {"uv": [9, 0, 0, 1.65685], "texture": "#0"},
				"south": {"uv": [0, 0, 0.75, 1.65685], "texture": "#0"},
				"west": {"uv": [0, 0, 9, 1.65685], "texture": "#0"},
				"up": {"uv": [0, 0, 0.75, 9], "texture": "#0"},
				"down": {"uv": [0, 0, 0.75, 9], "texture": "#0"}
			}
		},
		{
			"name": "octagon",
			"from": [9.25, 7.17157, -4.99],
			"to": [10, 8.82843, 4.01],
			"rotation": {"angle": 45, "axis": "z", "origin": [8, 8, 5]},
			"faces": {
				"north": {"uv": [0, 0, 0.75, 1.65685], "texture": "#0"},
				"east": {"uv": [9, 0, 0, 1.65685], "texture": "#0"},
				"south": {"uv": [0, 0, 0.75, 1.65685], "texture": "#0"},
				"west": {"uv": [0, 0, 9, 1.65685], "texture": "#0"},
				"up": {"uv": [0, 0, 0.75, 9], "texture": "#0"},
				"down": {"uv": [0, 0, 0.75, 9], "texture": "#0"}
			}
		},
		{
			"name": "octagon",
			"from": [9.25, 7.17157, -5],
			"to": [10, 8.82843, 4],
			"rotation": {"angle": 0, "axis": "z", "origin": [8, 8, 5]},
			"faces": {
				"north": {"uv": [0, 0, 0.75, 1.65685], "texture": "#0"},
				"east": {"uv": [9, 0, 0, 1.65685], "texture": "#0"},
				"south": {"uv": [0, 0, 0.75, 1.65685], "texture": "#0"},
				"west": {"uv": [0, 0, 9, 1.65685], "texture": "#0"},
				"up": {"uv": [0, 0, 0.75, 9], "texture": "#0"},
				"down": {"uv": [0, 0, 0.75, 9], "texture": "#0"}
			}
		},
		{
			"name": "octagon",
			"from": [7.17157, 6, 4],
			"to": [8.82843, 10, 18],
			"rotation": {"angle": 45, "axis": "z", "origin": [8, 8, 5]},
			"faces": {
				"north": {"uv": [0, 0, 1.65685, 4], "texture": "#0"},
				"east": {"uv": [2, 2, 16, 6], "texture": "#0"},
				"south": {"uv": [0, 0, 1.65685, 4], "texture": "#0"},
				"west": {"uv": [2, 2, 16, 6], "texture": "#0"},
				"up": {"uv": [2, 2, 3.65685, 16], "texture": "#0"},
				"down": {"uv": [2, 2, 3.65685, 16], "texture": "#0"}
			}
		},
		{
			"name": "octagon",
			"from": [7.17157, 6, 4],
			"to": [8.82843, 10, 18],
			"rotation": {"angle": 0, "axis": "z", "origin": [8, 8, 5]},
			"faces": {
				"north": {"uv": [0, 0, 1.65685, 4], "texture": "#0"},
				"east": {"uv": [2, 2, 16, 6], "texture": "#0"},
				"south": {"uv": [0, 0, 1.65685, 4], "texture": "#0"},
				"west": {"uv": [2, 2, 16, 6], "texture": "#0"},
				"up": {"uv": [2, 2, 3.65685, 16], "texture": "#0"},
				"down": {"uv": [2, 2, 3.65685, 16], "texture": "#0"}
			}
		},
		{
			"name": "octagon",
			"from": [6, 7.17157, 4],
			"to": [10, 8.82843, 18],
			"rotation": {"angle": 45, "axis": "z", "origin": [8, 8, 5]},
			"faces": {
				"north": {"uv": [0, 0, 4, 1.65685], "texture": "#0"},
				"east": {"uv": [2, 2, 16, 3.65685], "texture": "#0"},
				"south": {"uv": [0, 0, 4, 1.65685], "texture": "#0"},
				"west": {"uv": [2, 2, 16, 3.65685], "texture": "#0"},
				"up": {"uv": [2, 2, 6, 16], "texture": "#0"},
				"down": {"uv": [2, 2, 6, 16], "texture": "#0"}
			}
		},
		{
			"name": "octagon",
			"from": [6, 7.17157, 4],
			"to": [10, 8.82843, 18],
			"rotation": {"angle": 0, "axis": "z", "origin": [8, 8, 5]},
			"faces": {
				"north": {"uv": [0, 0, 4, 1.65685], "texture": "#0"},
				"east": {"uv": [2, 2, 16, 3.65685], "texture": "#0"},
				"south": {"uv": [0, 0, 4, 1.65685], "texture": "#0"},
				"west": {"uv": [2, 2, 16, 3.65685], "texture": "#0"},
				"up": {"uv": [2, 2, 6, 16], "texture": "#0"},
				"down": {"uv": [2, 2, 6, 16], "texture": "#0"}
			}
		},
		{
			"name": "octagon",
			"from": [7.17157, 6, 18],
			"to": [8.82843, 6.75, 24],
			"rotation": {"angle": 45, "axis": "z", "origin": [8, 8, 8]},
			"faces": {
				"north": {"uv": [6, 6, 7.65685, 6.75], "texture": "#0"},
				"east": {"uv": [6, 6, 12, 6.75], "texture": "#0"},
				"south": {"uv": [6, 6, 7.65685, 6.75], "texture": "#0"},
				"west": {"uv": [6, 6, 12, 6.75], "texture": "#0"},
				"up": {"uv": [6, 8, 7.65685, 14], "texture": "#0"},
				"down": {"uv": [7.65685, 8, 6, 14], "texture": "#0"}
			}
		},
		{
			"name": "octagon",
			"from": [7.17157, 6, 18],
			"to": [8.82843, 6.75, 24],
			"rotation": {"angle": 0, "axis": "z", "origin": [8, 8, 8]},
			"faces": {
				"north": {"uv": [6, 6, 7.65685, 6.75], "texture": "#0"},
				"east": {"uv": [6, 6, 12, 6.75], "texture": "#0"},
				"south": {"uv": [6, 6, 7.65685, 6.75], "texture": "#0"},
				"west": {"uv": [6, 6, 12, 6.75], "texture": "#0"},
				"up": {"uv": [6, 8, 7.65685, 14], "texture": "#0"},
				"down": {"uv": [6, 8, 7.65685, 14], "texture": "#0"}
			}
		},
		{
			"name": "octagon",
			"from": [7.17157, 9.25, 18],
			"to": [8.82843, 10, 24],
			"rotation": {"angle": 45, "axis": "z", "origin": [8, 8, 8]},
			"faces": {
				"north": {"uv": [6, 6, 7.65685, 6.75], "texture": "#0"},
				"east": {"uv": [6, 6, 12, 6.75], "texture": "#0"},
				"south": {"uv": [6, 6, 7.65685, 6.75], "texture": "#0"},
				"west": {"uv": [6, 6, 12, 6.75], "texture": "#0"},
				"up": {"uv": [6, 14, 7.65685, 8], "texture": "#0"},
				"down": {"uv": [6, 8, 7.65685, 14], "texture": "#0"}
			}
		},
		{
			"name": "octagon",
			"from": [7.17157, 9.25, 18],
			"to": [8.82843, 10, 24],
			"rotation": {"angle": 0, "axis": "z", "origin": [8, 8, 8]},
			"faces": {
				"north": {"uv": [6, 6, 7.65685, 6.75], "texture": "#0"},
				"east": {"uv": [6, 6, 12, 6.75], "texture": "#0"},
				"south": {"uv": [6, 6, 7.65685, 6.75], "texture": "#0"},
				"west": {"uv": [6, 6, 12, 6.75], "texture": "#0"},
				"up": {"uv": [6, 8, 7.65685, 14], "texture": "#0"},
				"down": {"uv": [6, 8, 7.65685, 14], "texture": "#0"}
			}
		},
		{
			"name": "octagon",
			"from": [6, 7.17157, 18],
			"to": [6.75, 8.82843, 24],
			"rotation": {"angle": 45, "axis": "z", "origin": [8, 8, 8]},
			"faces": {
				"north": {"uv": [6, 6, 6.75, 7.65685], "texture": "#0"},
				"east": {"uv": [6, 6, 12, 7.65685], "texture": "#0"},
				"south": {"uv": [6, 6, 6.75, 7.65685], "texture": "#0"},
				"west": {"uv": [12, 6, 6, 7.65685], "texture": "#0"},
				"up": {"uv": [6, 8, 6.75, 14], "texture": "#0"},
				"down": {"uv": [6, 8, 6.75, 14], "texture": "#0"}
			}
		},
		{
			"name": "octagon",
			"from": [6, 7.17157, 18],
			"to": [6.75, 8.82843, 24],
			"rotation": {"angle": 0, "axis": "z", "origin": [8, 8, 8]},
			"faces": {
				"north": {"uv": [6, 6, 6.75, 7.65685], "texture": "#0"},
				"east": {"uv": [6, 6, 12, 7.65685], "texture": "#0"},
				"south": {"uv": [6, 6, 6.75, 7.65685], "texture": "#0"},
				"west": {"uv": [12, 7.65685, 6, 6], "texture": "#0"},
				"up": {"uv": [6, 8, 6.75, 14], "texture": "#0"},
				"down": {"uv": [6, 8, 6.75, 14], "texture": "#0"}
			}
		},
		{
			"name": "octagon",
			"from": [9.25, 7.17157, 18],
			"to": [10, 8.82843, 24],
			"rotation": {"angle": 45, "axis": "z", "origin": [8, 8, 8]},
			"faces": {
				"north": {"uv": [6, 6, 6.75, 7.65685], "texture": "#0"},
				"east": {"uv": [6, 7.65685, 12, 6], "texture": "#0"},
				"south": {"uv": [6, 6, 6.75, 7.65685], "texture": "#0"},
				"west": {"uv": [6, 6, 12, 7.65685], "texture": "#0"},
				"up": {"uv": [6, 8, 6.75, 14], "texture": "#0"},
				"down": {"uv": [6, 8, 6.75, 14], "texture": "#0"}
			}
		},
		{
			"name": "octagon",
			"from": [9.25, 7.17157, 18],
			"to": [10, 8.82843, 24],
			"rotation": {"angle": 0, "axis": "z", "origin": [8, 8, 8]},
			"faces": {
				"north": {"uv": [6, 6, 6.75, 7.65685], "texture": "#0"},
				"east": {"uv": [6, 6, 12, 7.65685], "texture": "#0"},
				"south": {"uv": [6, 6, 6.75, 7.65685], "texture": "#0"},
				"west": {"uv": [6, 6, 12, 7.65685], "texture": "#0"},
				"up": {"uv": [6, 8, 6.75, 14], "texture": "#0"},
				"down": {"uv": [6, 8, 6.75, 14], "texture": "#0"}
			}
		},
		{
			"name": "octagon",
			"from": [7.17157, 6, 24],
			"to": [8.82843, 6.75, 29],
			"rotation": {"angle": 45, "axis": "z", "origin": [8, 8, 8]},
			"faces": {
				"north": {"uv": [6, 6, 7.65685, 6.75], "texture": "#0"},
				"east": {"uv": [6, 6, 11, 6.75], "texture": "#0"},
				"south": {"uv": [6, 6, 7.65685, 6.75], "texture": "#0"},
				"west": {"uv": [6, 6, 11, 6.75], "texture": "#0"},
				"up": {"uv": [6, 8, 7.65685, 13], "texture": "#0"},
				"down": {"uv": [7.65685, 13, 6, 8], "texture": "#0"}
			}
		},
		{
			"name": "octagon",
			"from": [7.17157, 6, 24],
			"to": [8.82843, 6.75, 29],
			"rotation": {"angle": 0, "axis": "y", "origin": [8, 8, 8]},
			"faces": {
				"north": {"uv": [6, 6, 7.65685, 6.75], "texture": "#0"},
				"east": {"uv": [6, 6, 11, 6.75], "texture": "#0"},
				"south": {"uv": [6, 6, 7.65685, 6.75], "texture": "#0"},
				"west": {"uv": [6, 6, 11, 6.75], "texture": "#0"},
				"up": {"uv": [6, 8, 7.65685, 13], "texture": "#0"},
				"down": {"uv": [6, 13, 7.65685, 8], "texture": "#0"}
			}
		},
		{
			"name": "octagon",
			"from": [7.17157, 9.25, 24],
			"to": [8.82843, 10, 29],
			"rotation": {"angle": 45, "axis": "z", "origin": [8, 8, 8]},
			"faces": {
				"north": {"uv": [6, 6, 7.65685, 6.75], "texture": "#0"},
				"east": {"uv": [6, 6, 11, 6.75], "texture": "#0"},
				"south": {"uv": [6, 6, 7.65685, 6.75], "texture": "#0"},
				"west": {"uv": [6, 6, 11, 6.75], "texture": "#0"},
				"up": {"uv": [6, 8, 7.65685, 13], "texture": "#0"},
				"down": {"uv": [6, 8, 7.65685, 13], "texture": "#0"}
			}
		},
		{
			"name": "octagon",
			"from": [7.17157, 9.25, 24],
			"to": [8.82843, 10, 29],
			"rotation": {"angle": 0, "axis": "y", "origin": [8, 8, 8]},
			"faces": {
				"north": {"uv": [6, 6, 7.65685, 6.75], "texture": "#0"},
				"east": {"uv": [6, 6, 11, 6.75], "texture": "#0"},
				"south": {"uv": [6, 6, 7.65685, 6.75], "texture": "#0"},
				"west": {"uv": [6, 6, 11, 6.75], "texture": "#0"},
				"up": {"uv": [6, 8, 7.65685, 13], "texture": "#0"},
				"down": {"uv": [6, 8, 7.65685, 13], "texture": "#0"}
			}
		},
		{
			"name": "octagon",
			"from": [6, 7.17157, 24],
			"to": [6.75, 8.82843, 29],
			"rotation": {"angle": 45, "axis": "z", "origin": [8, 8, 8]},
			"faces": {
				"north": {"uv": [6, 6, 6.75, 7.65685], "texture": "#0"},
				"east": {"uv": [6, 6, 11, 7.65685], "texture": "#0"},
				"south": {"uv": [6, 6, 6.75, 7.65685], "texture": "#0"},
				"west": {"uv": [6, 6, 11, 7.65685], "texture": "#0"},
				"up": {"uv": [6, 8, 6.75, 13], "texture": "#0"},
				"down": {"uv": [6, 8, 6.75, 13], "texture": "#0"}
			}
		},
		{
			"name": "octagon",
			"from": [6, 7.17157, 24],
			"to": [6.75, 8.82843, 29],
			"rotation": {"angle": 0, "axis": "y", "origin": [8, 8, 8]},
			"faces": {
				"north": {"uv": [6, 6, 6.75, 7.65685], "texture": "#0"},
				"east": {"uv": [6, 6, 11, 7.65685], "texture": "#0"},
				"south": {"uv": [6, 6, 6.75, 7.65685], "texture": "#0"},
				"west": {"uv": [6, 7.65685, 11, 6], "texture": "#0"},
				"up": {"uv": [6, 8, 6.75, 13], "texture": "#0"},
				"down": {"uv": [6, 8, 6.75, 13], "texture": "#0"}
			}
		},
		{
			"name": "octagon",
			"from": [9.25, 7.17157, 24],
			"to": [10, 8.82843, 29],
			"rotation": {"angle": 45, "axis": "z", "origin": [8, 8, 8]},
			"faces": {
				"north": {"uv": [6, 6, 6.75, 7.65685], "texture": "#0"},
				"east": {"uv": [11, 7.65685, 6, 6], "texture": "#0"},
				"south": {"uv": [6, 6, 6.75, 7.65685], "texture": "#0"},
				"west": {"uv": [6, 6, 11, 7.65685], "texture": "#0"},
				"up": {"uv": [6, 8, 6.75, 13], "texture": "#0"},
				"down": {"uv": [6, 8, 6.75, 13], "texture": "#0"}
			}
		},
		{
			"name": "octagon",
			"from": [9.25, 7.17157, 24],
			"to": [10, 8.82843, 29],
			"rotation": {"angle": 0, "axis": "y", "origin": [8, 8, 8]},
			"faces": {
				"north": {"uv": [6, 6, 6.75, 7.65685], "texture": "#0"},
				"east": {"uv": [11, 6, 6, 7.65685], "texture": "#0"},
				"south": {"uv": [6, 6, 6.75, 7.65685], "texture": "#0"},
				"west": {"uv": [6, 6, 11, 7.65685], "texture": "#0"},
				"up": {"uv": [6, 8, 6.75, 13], "texture": "#0"},
				"down": {"uv": [6, 8, 6.75, 13], "texture": "#0"}
			}
		},
		{
			"name": "octagon",
			"from": [7.17157, 6, 28.99],
			"to": [8.82843, 6.75, 29.49],
			"rotation": {"angle": 45, "axis": "z", "origin": [8, 8, 8]},
			"faces": {
				"north": {"uv": [13, 2, 14.65685, 2.75], "texture": "#0"},
				"east": {"uv": [2, 14, 2.5, 14.75], "texture": "#0"},
				"south": {"uv": [2, 14, 3.65685, 14.75], "texture": "#0"},
				"west": {"uv": [2, 14, 2.5, 14.75], "texture": "#0"},
				"up": {"uv": [14.34315, 2, 16, 2.5], "texture": "#0"},
				"down": {"uv": [14, 3, 15.65685, 3.5], "texture": "#0"}
			}
		},
		{
			"name": "octagon",
			"from": [7.17157, 6, 29],
			"to": [8.82843, 6.75, 29.5],
			"rotation": {"angle": 0, "axis": "z", "origin": [8, 8, 8]},
			"faces": {
				"north": {"uv": [13, 2, 14.65685, 2.75], "texture": "#0"},
				"east": {"uv": [2, 14, 2.5, 14.75], "texture": "#0"},
				"south": {"uv": [2, 14, 3.65685, 14.75], "texture": "#0"},
				"west": {"uv": [2, 14, 2.5, 14.75], "texture": "#0"},
				"up": {"uv": [14.34315, 2, 16, 2.5], "texture": "#0"},
				"down": {"uv": [14, 3, 15.65685, 3.5], "texture": "#0"}
			}
		},
		{
			"name": "octagon",
			"from": [7.17157, 9.25, 28.99],
			"to": [8.82843, 10, 29.49],
			"rotation": {"angle": 45, "axis": "z", "origin": [8, 8, 8]},
			"faces": {
				"north": {"uv": [13, 2, 14.65685, 2.75], "texture": "#0"},
				"east": {"uv": [2, 14, 2.5, 14.75], "texture": "#0"},
				"south": {"uv": [2, 14, 3.65685, 14.75], "texture": "#0"},
				"west": {"uv": [2, 14, 2.5, 14.75], "texture": "#0"},
				"up": {"uv": [14.34315, 2, 16, 2.5], "texture": "#0"},
				"down": {"uv": [14, 3, 15.65685, 3.5], "texture": "#0"}
			}
		},
		{
			"name": "octagon",
			"from": [7.17157, 9.25, 29],
			"to": [8.82843, 10, 29.5],
			"rotation": {"angle": 0, "axis": "z", "origin": [8, 8, 8]},
			"faces": {
				"north": {"uv": [13, 2, 14.65685, 2.75], "texture": "#0"},
				"east": {"uv": [2, 14, 2.5, 14.75], "texture": "#0"},
				"south": {"uv": [2, 14, 3.65685, 14.75], "texture": "#0"},
				"west": {"uv": [2, 14, 2.5, 14.75], "texture": "#0"},
				"up": {"uv": [14.34315, 2, 16, 2.5], "texture": "#0"},
				"down": {"uv": [14, 3, 15.65685, 3.5], "texture": "#0"}
			}
		},
		{
			"name": "octagon",
			"from": [6, 7.17157, 28.99],
			"to": [6.75, 8.82843, 29.49],
			"rotation": {"angle": 45, "axis": "z", "origin": [8, 8, 8]},
			"faces": {
				"north": {"uv": [13, 2, 13.75, 3.65685], "texture": "#0"},
				"east": {"uv": [2, 14, 2.5, 15.65685], "texture": "#0"},
				"south": {"uv": [2, 14, 2.75, 15.65685], "texture": "#0"},
				"west": {"uv": [2, 14, 2.5, 15.65685], "texture": "#0"},
				"up": {"uv": [14.34315, 2, 15.09315, 2.5], "texture": "#0"},
				"down": {"uv": [14, 3, 14.75, 3.5], "texture": "#0"}
			}
		},
		{
			"name": "octagon",
			"from": [6, 7.17157, 29],
			"to": [6.75, 8.82843, 29.5],
			"rotation": {"angle": 0, "axis": "z", "origin": [8, 8, 8]},
			"faces": {
				"north": {"uv": [13, 2, 13.75, 3.65685], "texture": "#0"},
				"east": {"uv": [2, 14, 2.5, 15.65685], "texture": "#0"},
				"south": {"uv": [2, 14, 2.75, 15.65685], "texture": "#0"},
				"west": {"uv": [2, 14, 2.5, 15.65685], "texture": "#0"},
				"up": {"uv": [14.34315, 2, 15.09315, 2.5], "texture": "#0"},
				"down": {"uv": [14, 3, 14.75, 3.5], "texture": "#0"}
			}
		},
		{
			"name": "octagon",
			"from": [9.25, 7.17157, 28.99],
			"to": [10, 8.82843, 29.49],
			"rotation": {"angle": 45, "axis": "z", "origin": [8, 8, 8]},
			"faces": {
				"north": {"uv": [13, 2, 13.75, 3.65685], "texture": "#0"},
				"east": {"uv": [2, 14, 2.5, 15.65685], "texture": "#0"},
				"south": {"uv": [2, 14, 2.75, 15.65685], "texture": "#0"},
				"west": {"uv": [2, 14, 2.5, 15.65685], "texture": "#0"},
				"up": {"uv": [14.34315, 2, 15.09315, 2.5], "texture": "#0"},
				"down": {"uv": [14, 3, 14.75, 3.5], "texture": "#0"}
			}
		},
		{
			"name": "octagon",
			"from": [9.25, 7.17157, 29],
			"to": [10, 8.82843, 29.5],
			"rotation": {"angle": 0, "axis": "z", "origin": [8, 8, 8]},
			"faces": {
				"north": {"uv": [13, 2, 13.75, 3.65685], "texture": "#0"},
				"east": {"uv": [2, 14, 2.5, 15.65685], "texture": "#0"},
				"south": {"uv": [2, 14, 2.75, 15.65685], "texture": "#0"},
				"west": {"uv": [2, 14, 2.5, 15.65685], "texture": "#0"},
				"up": {"uv": [14.34315, 2, 15.09315, 2.5], "texture": "#0"},
				"down": {"uv": [14, 3, 14.75, 3.5], "texture": "#0"}
			}
		},
		{
			"name": "octagon",
			"from": [7.22335, 6.125, -4.74],
			"to": [8.77665, 9.875, -4.74],
			"rotation": {"angle": 45, "axis": "z", "origin": [8, 8, 3.25]},
			"color": 3,
			"faces": {
				"north": {"uv": [0, 0, 1.5533, 3.75], "texture": "#missing"},
				"east": {"uv": [0, 0, 0, 3.75], "texture": "#missing"},
				"south": {"uv": [0, 0, 1.5533, 3.75], "texture": "#missing"},
				"west": {"uv": [0, 0, 0, 3.75], "texture": "#missing"},
				"up": {"uv": [0, 0, 1.5533, 0], "texture": "#missing"},
				"down": {"uv": [0, 0, 1.5533, 0], "texture": "#missing"}
			}
		},
		{
			"name": "octagon",
			"from": [6.125, 7.22335, -4.75],
			"to": [9.875, 8.77665, -4.75],
			"rotation": {"angle": 0, "axis": "y", "origin": [8, 8, 3.25]},
			"faces": {
				"north": {"uv": [12.25, 12.25, 16, 13.8033], "texture": "#0"},
				"east": {"uv": [16, 12.25, 16, 13.8033], "texture": "#0"},
				"south": {"uv": [12.25, 12.25, 16, 13.8033], "texture": "#0"},
				"west": {"uv": [16, 12.25, 16, 13.8033], "texture": "#0"},
				"up": {"uv": [12.25, 16, 16, 16], "texture": "#0"},
				"down": {"uv": [12.25, 16, 16, 16], "texture": "#0"}
			}
		},
		{
			"name": "octagon",
			"from": [6.125, 7.22335, -4.76],
			"to": [9.875, 8.77665, -4.76],
			"rotation": {"angle": 45, "axis": "z", "origin": [8, 8, 3.25]},
			"faces": {
				"north": {"uv": [12.25, 12.25, 16, 13.8033], "texture": "#0"},
				"east": {"uv": [16, 12.25, 16, 13.8033], "texture": "#0"},
				"south": {"uv": [12.25, 12.25, 16, 13.8033], "texture": "#0"},
				"west": {"uv": [16, 12.25, 16, 13.8033], "texture": "#0"},
				"up": {"uv": [12.25, 16, 16, 16], "texture": "#0"},
				"down": {"uv": [12.25, 16, 16, 16], "texture": "#0"}
			}
		},
		{
			"name": "octagon",
			"from": [7.22335, 6.125, -4.75],
			"to": [8.77665, 9.875, -4.75],
			"rotation": {"angle": 0, "axis": "y", "origin": [8, 8, 3.25]},
			"faces": {
				"north": {"uv": [12.25, 12.25, 13.8033, 16], "texture": "#0"},
				"east": {"uv": [16, 12.25, 16, 16], "texture": "#0"},
				"south": {"uv": [12.25, 12.25, 13.8033, 16], "texture": "#0"},
				"west": {"uv": [16, 12.25, 16, 16], "texture": "#0"},
				"up": {"uv": [12.25, 16, 13.8033, 16], "texture": "#0"},
				"down": {"uv": [12.25, 16, 13.8033, 16], "texture": "#0"}
			}
		},
		{
			"name": "octagon",
			"from": [7.22335, 6.125, -4.76],
			"to": [8.77665, 9.875, -4.76],
			"rotation": {"angle": 45, "axis": "z", "origin": [8, 8, 3.25]},
			"faces": {
				"north": {"uv": [12.25, 12.25, 13.8033, 16], "texture": "#0"},
				"east": {"uv": [16, 12.25, 16, 16], "texture": "#0"},
				"south": {"uv": [12.25, 12.25, 13.8033, 16], "texture": "#0"},
				"west": {"uv": [16, 12.25, 16, 16], "texture": "#0"},
				"up": {"uv": [12.25, 16, 13.8033, 16], "texture": "#0"},
				"down": {"uv": [12.25, 16, 13.8033, 16], "texture": "#0"}
			}
		},
		{
			"name": "octagon",
			"from": [7.22335, 6.125, -4.75],
			"to": [8.77665, 9.875, -4.75],
			"rotation": {"angle": 0, "axis": "y", "origin": [8, 8, 3.25]},
			"color": 3,
			"faces": {
				"north": {"uv": [0, 0, 1.5533, 3.75], "texture": "#missing"},
				"east": {"uv": [0, 0, 0, 3.75], "texture": "#missing"},
				"south": {"uv": [0, 0, 1.5533, 3.75], "texture": "#missing"},
				"west": {"uv": [0, 0, 0, 3.75], "texture": "#missing"},
				"up": {"uv": [0, 0, 1.5533, 0], "texture": "#missing"},
				"down": {"uv": [0, 0, 1.5533, 0], "texture": "#missing"}
			}
		},
		{
			"name": "octagon",
			"from": [6.125, 7.22335, -4.74],
			"to": [9.875, 8.77665, -4.74],
			"rotation": {"angle": 45, "axis": "z", "origin": [8, 8, 3.25]},
			"color": 3,
			"faces": {
				"north": {"uv": [0, 0, 3.75, 1.5533], "texture": "#missing"},
				"east": {"uv": [0, 0, 0, 1.5533], "texture": "#missing"},
				"south": {"uv": [0, 0, 3.75, 1.5533], "texture": "#missing"},
				"west": {"uv": [0, 0, 0, 1.5533], "texture": "#missing"},
				"up": {"uv": [0, 0, 3.75, 0], "texture": "#missing"},
				"down": {"uv": [0, 0, 3.75, 0], "texture": "#missing"}
			}
		},
		{
			"name": "octagon",
			"from": [6.125, 7.22335, -4.75],
			"to": [9.875, 8.77665, -4.75],
			"rotation": {"angle": 0, "axis": "y", "origin": [8, 8, 3.25]},
			"color": 3,
			"faces": {
				"north": {"uv": [0, 0, 3.75, 1.5533], "texture": "#missing"},
				"east": {"uv": [0, 0, 0, 1.5533], "texture": "#missing"},
				"south": {"uv": [0, 0, 3.75, 1.5533], "texture": "#missing"},
				"west": {"uv": [0, 0, 0, 1.5533], "texture": "#missing"},
				"up": {"uv": [0, 0, 3.75, 0], "texture": "#missing"},
				"down": {"uv": [0, 0, 3.75, 0], "texture": "#missing"}
			}
		},
		{
			"name": "octagon",
			"from": [7.22335, 6.125, 29.04],
			"to": [8.77665, 9.875, 29.04],
			"rotation": {"angle": 45, "axis": "z", "origin": [8, 8, 37.05]},
			"faces": {
				"north": {"uv": [12.25, 12.25, 13.8033, 16], "texture": "#0"},
				"east": {"uv": [16, 12.25, 16, 16], "texture": "#0"},
				"south": {"uv": [12.25, 12.25, 13.8033, 16], "texture": "#0"},
				"west": {"uv": [16, 12.25, 16, 16], "texture": "#0"},
				"up": {"uv": [12.25, 16, 13.8033, 16], "texture": "#0"},
				"down": {"uv": [12.25, 16, 13.8033, 16], "texture": "#0"}
			}
		},
		{
			"name": "octagon",
			"from": [7.22335, 6.125, 29.05],
			"to": [8.77665, 9.875, 29.05],
			"rotation": {"angle": 0, "axis": "y", "origin": [8, 8, 37.05]},
			"faces": {
				"north": {"uv": [12.25, 12.25, 13.8033, 16], "texture": "#0"},
				"east": {"uv": [16, 12.25, 16, 16], "texture": "#0"},
				"south": {"uv": [12.25, 12.25, 13.8033, 16], "texture": "#0"},
				"west": {"uv": [16, 12.25, 16, 16], "texture": "#0"},
				"up": {"uv": [12.25, 16, 13.8033, 16], "texture": "#0"},
				"down": {"uv": [12.25, 16, 13.8033, 16], "texture": "#0"}
			}
		},
		{
			"name": "octagon",
			"from": [6.125, 7.22335, 29.04],
			"to": [9.875, 8.77665, 29.04],
			"rotation": {"angle": 45, "axis": "z", "origin": [8, 8, 37.05]},
			"faces": {
				"north": {"uv": [12.25, 12.25, 16, 13.8033], "texture": "#0"},
				"east": {"uv": [16, 12.25, 16, 13.8033], "texture": "#0"},
				"south": {"uv": [12.25, 12.25, 16, 13.8033], "texture": "#0"},
				"west": {"uv": [16, 12.25, 16, 13.8033], "texture": "#0"},
				"up": {"uv": [12.25, 16, 16, 16], "texture": "#0"},
				"down": {"uv": [12.25, 16, 16, 16], "texture": "#0"}
			}
		},
		{
			"name": "octagon",
			"from": [6.125, 7.22335, 29.05],
			"to": [9.875, 8.77665, 29.05],
			"rotation": {"angle": 0, "axis": "y", "origin": [8, 8, 37.05]},
			"faces": {
				"north": {"uv": [12.25, 12.25, 16, 13.8033], "texture": "#0"},
				"east": {"uv": [16, 12.25, 16, 13.8033], "texture": "#0"},
				"south": {"uv": [12.25, 12.25, 16, 13.8033], "texture": "#0"},
				"west": {"uv": [16, 12.25, 16, 13.8033], "texture": "#0"},
				"up": {"uv": [12.25, 16, 16, 16], "texture": "#0"},
				"down": {"uv": [12.25, 16, 16, 16], "texture": "#0"}
			}
		}
	],
	"display": {
		"thirdperson_righthand": {
			"translation": [0, 2, 5.25]
		},
		"thirdperson_lefthand": {
			"translation": [0, 2, 5.25]
		},
		"firstperson_righthand": {
			"rotation": [0, -15, 0],
			"translation": [12.75, 2.5, 3]
		},
		"firstperson_lefthand": {
			"rotation": [0, -15, 0],
			"translation": [12.75, 2.5, 3]
		},
		"ground": {
			"rotation": [0, 0, -89],
			"translation": [0, -1, -3],
			"scale": [0.8, 0.8, 0.8]
		},
		"gui": {
			"rotation": [22, 118, 0],
			"translation": [-3.25, -1, 0],
			"scale": [0.9, 0.9, 0.9]
		},
		"head": {
			"rotation": [30, -24, 27],
			"translation": [5.75, -0.5, -11.75],
			"scale": [1, 0.34, 0.5]
		},
		"fixed": {
			"rotation": [0, -90, 0],
			"translation": [4.75, -0.25, 0]
		}
	},
	"groups": [
		{
			"name": "Handle",
			"origin": [8, 3.9, 15.6],
			"color": 0,
			"children": [0, 1]
		},
		{
			"name": "Barrel Detail",
			"origin": [8, 3.9, 15.6],
			"color": 0,
			"children": [2, 3, 4, 5, 6, 7, 8, 9, 10, 11, 12, 13, 14, 15]
		},
		{
			"name": "Barrel",
			"origin": [8, 8, 8],
			"color": 0,
			"children": [
				{
					"name": "octagon",
					"origin": [8, 8, 8],
					"color": 0,
					"children": [16, 17, 18, 19, 20, 21, 22, 23]
				},
				{
					"name": "octagon",
					"origin": [8, 8, 8],
					"color": 0,
					"children": [24, 25, 26, 27]
				},
				{
					"name": "octagon",
					"origin": [8, 8, 8],
					"color": 0,
					"children": [28, 29, 30, 31, 32, 33, 34, 35]
				},
				{
					"name": "octagon",
					"origin": [8, 8, 8],
					"color": 0,
					"children": [36, 37, 38, 39, 40, 41, 42, 43]
				},
				{
					"name": "octagon",
					"origin": [8, 8, 8],
					"color": 0,
					"children": [44, 45, 46, 47, 48, 49, 50, 51]
				}
			]
		},
		{
			"name": "Holes",
			"origin": [8, 8, 5],
			"color": 0,
			"children": [
				{
					"name": "FrontHole",
					"origin": [8, 8, 8],
					"color": 0,
					"children": [52, 53, 54, 55, 56, 57, 58, 59]
				},
				{
					"name": "BackHole",
					"origin": [8, 8, 8],
					"color": 0,
					"children": [60, 61, 62, 63]
				}
			]
		}
	]
}