{
	"credit": "Made with Blockbench",
	"textures": {
		"0": "modern_guns:item/m79",
		"particle": "modern_guns:item/m79"
	},
	"elements": [
		{
			"from": [6.999, 1, 13],
			"to": [8.999, 6.4, 15],
			"rotation": {"angle": -45, "axis": "x", "origin": [8, 5, 14]},
			"faces": {
				"north": {"uv": [14, 10.6, 16, 16], "texture": "#0"},
				"east": {"uv": [14, 10.6, 16, 16], "texture": "#0"},
				"south": {"uv": [14, 10.6, 16, 16], "texture": "#0"},
				"west": {"uv": [14, 10.6, 16, 16], "texture": "#0"},
				"up": {"uv": [14, 14, 16, 16], "texture": "#0"},
				"down": {"uv": [14, 14, 16, 16], "texture": "#0"}
			}
		},
		{
			"from": [6.999, 3.66, 17.08],
			"to": [8.999, 6.66, 19.33],
			"rotation": {"angle": -22.5, "axis": "x", "origin": [8, 4.64645, 16.35355]},
			"faces": {
				"north": {"uv": [10, 13, 12, 16], "texture": "#0"},
				"east": {"uv": [9.75, 13, 12, 16], "texture": "#0"},
				"south": {"uv": [10, 13, 12, 16], "texture": "#0"},
				"west": {"uv": [9.75, 13, 12, 16], "texture": "#0"},
				"up": {"uv": [10, 13.75, 12, 16], "texture": "#0"},
				"down": {"uv": [10, 13.75, 12, 16], "texture": "#0"}
			}
		},
		{
			"from": [7, 6.93, 21.06758],
			"to": [9, 7.93, 23.56758],
			"rotation": {"angle": -22.5, "axis": "x", "origin": [8, 6.73413, 21.56758]},
			"faces": {
				"north": {"uv": [14, 15, 16, 16], "texture": "#0"},
				"east": {"uv": [13.5, 15, 16, 16], "texture": "#0"},
				"south": {"uv": [14, 15, 16, 16], "texture": "#0"},
				"west": {"uv": [13.5, 15, 16, 16], "texture": "#0"},
				"up": {"uv": [14, 13.5, 16, 16], "texture": "#0"},
				"down": {"uv": [14, 13.5, 16, 16], "texture": "#0"}
			}
		},
		{
			"from": [7, 3.34, 20.8],
			"to": [9, 4.34, 23.25],
			"rotation": {"angle": 22.5, "axis": "x", "origin": [8, 3.81838, 21.74251]},
			"faces": {
				"north": {"uv": [14, 9, 16, 10], "texture": "#0"},
				"east": {"uv": [13.55, 9, 16, 10], "texture": "#0"},
				"south": {"uv": [14, 9, 16, 10], "texture": "#0"},
				"west": {"uv": [13.55, 9, 16, 10], "texture": "#0"},
				"up": {"uv": [14, 7.55, 16, 10], "texture": "#0"},
				"down": {"uv": [14, 7.55, 16, 10], "texture": "#0"}
			}
		},
		{
			"from": [6.999, 2.8, 22.95],
			"to": [8.999, 8.6, 25.2],
			"rotation": {"angle": 0, "axis": "y", "origin": [8, 6.55189, 24.75867]},
			"faces": {
				"north": {"uv": [14, 10.2, 16, 16], "texture": "#0"},
				"east": {"uv": [13.75, 10.2, 16, 16], "texture": "#0"},
				"south": {"uv": [14, 10.2, 16, 16], "texture": "#0"},
				"west": {"uv": [13.75, 4.2, 16, 10], "texture": "#0"},
				"up": {"uv": [14, 13.75, 16, 16], "texture": "#0"},
				"down": {"uv": [14, 13.75, 16, 16], "texture": "#0"}
			}
		},
		{
			"from": [6.998, 3.7, 20.63367],
			"to": [8.998, 7.6, 23.68367],
			"rotation": {"angle": 0, "axis": "y", "origin": [8, 5.65189, 21.25867]},
			"faces": {
				"north": {"uv": [14, 12.1, 16, 16], "texture": "#0"},
				"east": {"uv": [12.95, 12.1, 16, 16], "texture": "#0"},
				"south": {"uv": [14, 12.1, 16, 16], "texture": "#0"},
				"west": {"uv": [12.95, 6.1, 16, 10], "texture": "#0"},
				"up": {"uv": [14, 12.95, 16, 16], "texture": "#0"},
				"down": {"uv": [14, 12.95, 16, 16], "texture": "#0"}
			}
		},
		{
			"from": [7, 4.3, 18.33367],
			"to": [9, 7.65, 20.68367],
			"rotation": {"angle": 0, "axis": "y", "origin": [8, 5.75189, 18.25867]},
			"faces": {
				"north": {"uv": [10, 12.65, 12, 16], "texture": "#0"},
				"east": {"uv": [9.65, 12.65, 12, 16], "texture": "#0"},
				"south": {"uv": [10, 12.65, 12, 16], "texture": "#0"},
				"west": {"uv": [9.65, 12.65, 12, 16], "texture": "#0"},
				"up": {"uv": [10, 13.65, 12, 16], "texture": "#0"},
				"down": {"uv": [10, 13.65, 12, 16], "texture": "#0"}
			}
		},
		{
			"from": [7.002, 3.945, 17.725],
			"to": [9.002, 4.945, 19.475],
			"rotation": {"angle": 22.5, "axis": "x", "origin": [8, 4.41838, 18.74251]},
			"faces": {
				"north": {"uv": [11, 15, 13, 16], "texture": "#0"},
				"east": {"uv": [11.25, 15, 13, 16], "texture": "#0"},
				"south": {"uv": [11, 15, 13, 16], "texture": "#0"},
				"west": {"uv": [11.25, 15, 13, 16], "texture": "#0"},
				"up": {"uv": [11, 14.25, 13, 16], "texture": "#0"},
				"down": {"uv": [11, 14.25, 13, 16], "texture": "#0"}
			}
		},
		{
			"from": [7, 3.7, 19.23367],
			"to": [9, 4.3, 20.68367],
			"rotation": {"angle": 0, "axis": "y", "origin": [8, 5.75189, 18.25867]},
			"faces": {
				"north": {"uv": [14, 9.4, 16, 10], "texture": "#0"},
				"east": {"uv": [14.55, 9.4, 16, 10], "texture": "#0"},
				"south": {"uv": [14, 9.4, 16, 10], "texture": "#0"},
				"west": {"uv": [14.55, 9.4, 16, 10], "texture": "#0"},
				"up": {"uv": [14, 8.55, 16, 10], "texture": "#0"},
				"down": {"uv": [14, 8.55, 16, 10], "texture": "#0"}
			}
		},
		{
			"from": [7, 3.66, 15.43],
			"to": [9, 5.66, 17.08],
			"rotation": {"angle": -22.5, "axis": "x", "origin": [8, 4.64645, 16.35355]},
			"faces": {
				"north": {"uv": [9, 14, 11, 16], "texture": "#0"},
				"east": {"uv": [9.35, 14, 11, 16], "texture": "#0"},
				"south": {"uv": [9, 14, 11, 16], "texture": "#0"},
				"west": {"uv": [9.35, 14, 11, 16], "texture": "#0"},
				"up": {"uv": [9, 14.35, 11, 16], "texture": "#0"},
				"down": {"uv": [9, 14.35, 11, 16], "texture": "#0"}
			}
		},
		{
			"from": [7.002, 4.99, 15.712],
			"to": [9.002, 6.49, 17.712],
			"rotation": {"angle": 22.5, "axis": "x", "origin": [8, 5.27775, 16.71086]},
			"faces": {
				"north": {"uv": [10, 12.5, 12, 14], "rotation": 180, "texture": "#0"},
				"east": {"uv": [10.5, 13, 12, 15], "rotation": 90, "texture": "#0"},
				"south": {"uv": [10, 12.5, 12, 14], "texture": "#0"},
				"west": {"uv": [9.5, 13, 11, 15], "rotation": 270, "texture": "#0"},
				"up": {"uv": [10, 13, 12, 15], "texture": "#0"},
				"down": {"uv": [10, 13, 12, 15], "rotation": 180, "texture": "#0"}
			}
		},
		{
			"from": [7, 5.48, 11.17],
			"to": [9, 7.48, 13.47],
			"rotation": {"angle": 22.5, "axis": "x", "origin": [8, 6.46777, 11.63223]},
			"faces": {
				"north": {"uv": [14, 13, 16, 15], "rotation": 180, "texture": "#0"},
				"east": {"uv": [14, 12.7, 16, 15], "rotation": 90, "texture": "#0"},
				"south": {"uv": [14, 13, 16, 15], "texture": "#0"},
				"west": {"uv": [14, 12.7, 16, 15], "rotation": 270, "texture": "#0"},
				"up": {"uv": [14, 12.7, 16, 15], "texture": "#0"},
				"down": {"uv": [14, 12.7, 16, 15], "rotation": 180, "texture": "#0"}
			}
		},
		{
			"from": [7.499, 3.578, 11.6],
			"to": [8.499, 5.578, 12.1],
			"rotation": {"angle": 0, "axis": "y", "origin": [7, 5.6, 9.6]},
			"faces": {
				"north": {"uv": [0, 0, 1, 2], "texture": "#0"},
				"east": {"uv": [0, 0, 0.5, 2], "texture": "#0"},
				"south": {"uv": [0, 0, 1, 2], "texture": "#0"},
				"west": {"uv": [0, 0, 0.5, 2], "texture": "#0"},
				"up": {"uv": [0, 0, 1, 0.5], "texture": "#0"},
				"down": {"uv": [0, 0, 1, 0.5], "texture": "#0"}
			}
		},
		{
			"from": [7.499, 3.078, 9.8],
			"to": [8.499, 3.578, 12.1],
			"rotation": {"angle": 0, "axis": "y", "origin": [7, 5.6, 9.6]},
			"faces": {
				"north": {"uv": [0, 0, 1, 0.5], "texture": "#0"},
				"east": {"uv": [0, 0, 2.3, 0.5], "texture": "#0"},
				"south": {"uv": [0, 0, 1, 0.5], "texture": "#0"},
				"west": {"uv": [0, 0, 2.3, 0.5], "texture": "#0"},
				"up": {"uv": [0, 0, 1, 2.3], "texture": "#0"},
				"down": {"uv": [0, 0, 1, 2.3], "texture": "#0"}
			}
		},
		{
			"from": [7.499, 3.578, 8.6],
			"to": [8.499, 5.578, 9.1],
			"rotation": {"angle": 0, "axis": "y", "origin": [7, 5.6, 6.6]},
			"faces": {
				"north": {"uv": [0, 0, 1, 2], "texture": "#0"},
				"east": {"uv": [0, 0, 0.5, 2], "texture": "#0"},
				"south": {"uv": [0, 0, 1, 2], "texture": "#0"},
				"west": {"uv": [0, 0, 0.5, 2], "texture": "#0"},
				"up": {"uv": [0, 0, 1, 0.5], "texture": "#0"},
				"down": {"uv": [0, 0, 1, 0.5], "texture": "#0"}
			}
		},
		{
			"from": [7.499, 3.078, 8.6],
			"to": [8.499, 3.578, 9.9],
			"rotation": {"angle": 22.5, "axis": "x", "origin": [7.999, 3.328, 9.85]},
			"faces": {
				"north": {"uv": [0, 0, 1, 0.5], "texture": "#0"},
				"east": {"uv": [0, 0, 1.3, 0.5], "texture": "#0"},
				"south": {"uv": [0, 0, 1, 0.5], "texture": "#0"},
				"west": {"uv": [0, 0, 1.3, 0.5], "texture": "#0"},
				"up": {"uv": [0, 0, 1, 1.3], "texture": "#0"},
				"down": {"uv": [0, 0, 1, 1.3], "texture": "#0"}
			}
		},
		{
			"from": [7.699, 3.828, 10.95],
			"to": [8.299, 5.578, 11.45],
			"rotation": {"angle": 0, "axis": "y", "origin": [7, 5.6, 8.95]},
			"faces": {
				"north": {"uv": [0, 0, 0.6, 1.75], "texture": "#0"},
				"east": {"uv": [0, 0, 0.5, 1.75], "texture": "#0"},
				"south": {"uv": [0, 0, 0.6, 1.75], "texture": "#0"},
				"west": {"uv": [0, 0, 0.5, 1.75], "texture": "#0"},
				"up": {"uv": [0, 0, 0.6, 0.5], "texture": "#0"},
				"down": {"uv": [0, 0, 0.6, 0.5], "texture": "#0"}
			}
		},
		{
			"name": "octagon",
			"from": [7.48223, 5.75, -3],
			"to": [8.51777, 6, 10],
			"rotation": {"angle": 45, "axis": "z", "origin": [8, 7, 2]},
			"faces": {
				"north": {"uv": [6, 2, 7, 3], "texture": "#0"},
				"east": {"uv": [2, 2, 3, 3], "texture": "#0"},
				"south": {"uv": [2, 2, 3, 3], "texture": "#0"},
				"west": {"uv": [2, 2, 3, 3], "texture": "#0"},
				"up": {"uv": [2, 3, 3, 4], "texture": "#0"},
				"down": {"uv": [2, 3, 3, 16], "texture": "#0"}
			}
		},
		{
			"name": "octagon",
			"from": [7.48223, 5.75, -3.001],
			"to": [8.51777, 6, 9.999],
			"rotation": {"angle": 0, "axis": "y", "origin": [8, 7, 2]},
			"faces": {
				"north": {"uv": [4, 2, 5, 3], "texture": "#0"},
				"east": {"uv": [2, 2, 3, 3], "texture": "#0"},
				"south": {"uv": [2, 2, 3, 3], "texture": "#0"},
				"west": {"uv": [2, 2, 3, 3], "texture": "#0"},
				"up": {"uv": [2, 3, 3, 4], "texture": "#0"},
				"down": {"uv": [2, 2, 3, 15], "texture": "#0"}
			}
		},
		{
			"name": "octagon",
			"from": [7.48223, 8, -3],
			"to": [8.51777, 8.25, 10],
			"rotation": {"angle": 45, "axis": "z", "origin": [8, 7, 2]},
			"faces": {
				"north": {"uv": [2, 2, 3, 3], "texture": "#0"},
				"east": {"uv": [2, 2, 3, 3], "texture": "#0"},
				"south": {"uv": [2, 2, 3, 3], "texture": "#0"},
				"west": {"uv": [2, 2, 3, 3], "texture": "#0"},
				"up": {"uv": [2, 3, 3, 16], "texture": "#0"},
				"down": {"uv": [2, 3, 3, 4], "texture": "#0"}
			}
		},
		{
			"name": "octagon",
			"from": [7.48223, 8, -3.001],
			"to": [8.51777, 8.25, 9.999],
			"rotation": {"angle": 0, "axis": "y", "origin": [8, 7, 2]},
			"faces": {
				"north": {"uv": [4, 2, 5, 3], "texture": "#0"},
				"east": {"uv": [2, 2, 3, 3], "texture": "#0"},
				"south": {"uv": [2, 2, 3, 3], "texture": "#0"},
				"west": {"uv": [2, 2, 3, 3], "texture": "#0"},
				"up": {"uv": [2, 2, 3, 15], "texture": "#0"},
				"down": {"uv": [2, 3, 3, 4], "texture": "#0"}
			}
		},
		{
			"name": "octagon",
			"from": [6.75, 6.48223, -3],
			"to": [7, 7.51777, 10],
			"rotation": {"angle": 45, "axis": "z", "origin": [8, 7, 2]},
			"faces": {
				"north": {"uv": [2, 2, 3, 3], "texture": "#0"},
				"east": {"uv": [2, 2, 3, 3], "texture": "#0"},
				"south": {"uv": [2, 2, 3, 3], "texture": "#0"},
				"west": {"uv": [2, 2, 15, 3], "texture": "#0"},
				"up": {"uv": [2, 3, 3, 4], "texture": "#0"},
				"down": {"uv": [2, 3, 3, 4], "texture": "#0"}
			}
		},
		{
			"name": "octagon",
			"from": [6.75, 6.48223, -3.001],
			"to": [7, 7.51777, 9.999],
			"rotation": {"angle": 0, "axis": "y", "origin": [8, 7, 2]},
			"faces": {
				"north": {"uv": [2, 4, 3, 5], "texture": "#0"},
				"east": {"uv": [2, 2, 3, 3], "texture": "#0"},
				"south": {"uv": [2, 2, 3, 3], "texture": "#0"},
				"west": {"uv": [3, 2, 16, 3], "texture": "#0"},
				"up": {"uv": [2, 3, 3, 4], "texture": "#0"},
				"down": {"uv": [2, 3, 3, 4], "texture": "#0"}
			}
		},
		{
			"name": "octagon",
			"from": [9, 6.48223, -3],
			"to": [9.25, 7.51777, 10],
			"rotation": {"angle": 45, "axis": "z", "origin": [8, 7, 2]},
			"faces": {
				"north": {"uv": [2, 2, 3, 3], "texture": "#0"},
				"east": {"uv": [3, 2, 16, 3], "texture": "#0"},
				"south": {"uv": [2, 2, 3, 3], "texture": "#0"},
				"west": {"uv": [2, 2, 3, 3], "texture": "#0"},
				"up": {"uv": [2, 3, 3, 4], "texture": "#0"},
				"down": {"uv": [2, 3, 3, 4], "texture": "#0"}
			}
		},
		{
			"name": "octagon",
			"from": [9, 6.48223, -3.001],
			"to": [9.25, 7.51777, 9.999],
			"rotation": {"angle": 0, "axis": "y", "origin": [8, 7, 2]},
			"faces": {
				"north": {"uv": [2, 3, 3, 4], "texture": "#0"},
				"east": {"uv": [2, 2, 15, 3], "texture": "#0"},
				"south": {"uv": [2, 2, 3, 3], "texture": "#0"},
				"west": {"uv": [2, 2, 3, 3], "texture": "#0"},
				"up": {"uv": [2, 3, 3, 4], "texture": "#0"},
				"down": {"uv": [2, 3, 3, 4], "texture": "#0"}
			}
		},
		{
			"from": [7.251, 6.72, 9.44],
			"to": [8.751, 7.72, 11.44],
			"rotation": {"angle": 45, "axis": "x", "origin": [8, 7.228, 10.5]},
			"faces": {
				"north": {"uv": [0, 0, 1.5, 1], "texture": "#0"},
				"east": {"uv": [0, 0, 2, 1], "texture": "#0"},
				"south": {"uv": [0, 0, 1.5, 1], "texture": "#0"},
				"west": {"uv": [0, 0, 2, 1], "texture": "#0"},
				"up": {"uv": [0, 0, 1.5, 2], "texture": "#0"},
				"down": {"uv": [0, 0, 1.5, 2], "texture": "#0"}
			}
		},
		{
			"from": [6.999, 5.578, 4.6],
			"to": [8.999, 7.578, 11.6],
			"rotation": {"angle": 0, "axis": "y", "origin": [7, 5.6, 9.6]},
			"faces": {
				"north": {"uv": [0, 0, 2, 2], "texture": "#0"},
				"east": {"uv": [0, 0, 7, 2], "texture": "#0"},
				"south": {"uv": [0, 0, 2, 2], "texture": "#0"},
				"west": {"uv": [0, 0, 7, 2], "texture": "#0"},
				"up": {"uv": [0, 2, 2, 9], "texture": "#0"},
				"down": {"uv": [0, 2, 2, 9], "texture": "#0"}
			}
		},
		{
			"from": [7.25, 7.328, 6.1],
			"to": [8.75, 8.328, 10.1],
			"rotation": {"angle": 0, "axis": "y", "origin": [8, 7.828, 9.1]},
			"faces": {
				"north": {"uv": [0, 0, 1.5, 1], "texture": "#0"},
				"east": {"uv": [0, 0, 4, 1], "texture": "#0"},
				"south": {"uv": [0, 0, 1.5, 1], "texture": "#0"},
				"west": {"uv": [0, 0, 4, 1], "texture": "#0"},
				"up": {"uv": [0, 0, 1.5, 4], "texture": "#0"},
				"down": {"uv": [0, 0, 1.5, 4], "texture": "#0"}
			}
		},
		{
			"from": [7, 5.578, 0.6],
			"to": [9, 6.578, 4.6],
			"rotation": {"angle": 0, "axis": "y", "origin": [7, 5.6, 9.6]},
			"faces": {
				"north": {"uv": [14, 15, 16, 16], "texture": "#0"},
				"east": {"uv": [12, 15, 16, 16], "texture": "#0"},
				"south": {"uv": [14, 15, 16, 16], "texture": "#0"},
				"west": {"uv": [12, 15, 16, 16], "texture": "#0"},
				"up": {"uv": [14, 12, 16, 16], "texture": "#0"},
				"down": {"uv": [14, 12, 16, 16], "texture": "#0"}
			}
		},
		{
			"from": [7.001, 5.785, 0.1],
			"to": [9.001, 6.785, 1.1],
			"rotation": {"angle": 45, "axis": "x", "origin": [8, 6.278, 0.6]},
			"faces": {
				"north": {"uv": [14, 15, 16, 16], "texture": "#0"},
				"east": {"uv": [15, 15, 16, 16], "texture": "#0"},
				"south": {"uv": [14, 15, 16, 16], "texture": "#0"},
				"west": {"uv": [15, 15, 16, 16], "texture": "#0"},
				"up": {"uv": [14, 15, 16, 16], "texture": "#0"},
				"down": {"uv": [14, 15, 16, 16], "texture": "#0"}
			}
		},
		{
			"from": [7.25, 7.328, 2.1],
			"to": [8.75, 8.328, 3.1],
			"rotation": {"angle": 0, "axis": "y", "origin": [8, 7.828, 4.1]},
			"faces": {
				"north": {"uv": [0, 0, 1.5, 1], "texture": "#0"},
				"east": {"uv": [0, 0, 1, 1], "texture": "#0"},
				"south": {"uv": [0, 0, 1.5, 1], "texture": "#0"},
				"west": {"uv": [0, 0, 1, 1], "texture": "#0"},
				"up": {"uv": [0, 0, 1.5, 1], "texture": "#0"},
				"down": {"uv": [0, 0, 1.5, 1], "texture": "#0"}
			}
		},
		{
			"from": [7.35, 7.978, -2.55],
			"to": [8.65, 8.328, -2.05],
			"rotation": {"angle": 0, "axis": "y", "origin": [8, 7.828, 0.2]},
			"faces": {
				"north": {"uv": [0, 0, 1.3, 0.35], "texture": "#0"},
				"east": {"uv": [0, 0, 0.5, 0.35], "texture": "#0"},
				"south": {"uv": [0, 0, 1.3, 0.35], "texture": "#0"},
				"west": {"uv": [0, 0, 0.5, 0.35], "texture": "#0"},
				"up": {"uv": [0, 0, 1.3, 0.5], "texture": "#0"},
				"down": {"uv": [0, 0, 1.3, 0.5], "texture": "#0"}
			}
		},
		{
			"from": [8.35, 8.328, -2.55],
			"to": [8.65, 9.328, -2.05],
			"rotation": {"angle": 0, "axis": "y", "origin": [8, 7.828, 0.2]},
			"faces": {
				"north": {"uv": [0, 0, 0.3, 1], "texture": "#0"},
				"east": {"uv": [0, 0, 0.5, 1], "texture": "#0"},
				"south": {"uv": [0, 0, 0.3, 1], "texture": "#0"},
				"west": {"uv": [0, 0, 0.5, 1], "texture": "#0"},
				"up": {"uv": [0, 0, 0.3, 0.5], "texture": "#0"},
				"down": {"uv": [0, 0, 0.3, 0.5], "texture": "#0"}
			}
		},
		{
			"from": [7.35, 8.578, 2.35],
			"to": [7.65, 10.778, 2.85],
			"rotation": {"angle": 0, "axis": "y", "origin": [7, 8.078, 5.1]},
			"faces": {
				"north": {"uv": [2, 3, 2.3, 5.2], "texture": "#0"},
				"east": {"uv": [2, 3, 2.5, 5.2], "texture": "#0"},
				"south": {"uv": [2, 3, 2.3, 5.2], "texture": "#0"},
				"west": {"uv": [2, 3, 2.5, 5.2], "texture": "#0"},
				"up": {"uv": [2, 4, 2.3, 4.5], "texture": "#0"},
				"down": {"uv": [2, 3, 2.3, 3.5], "texture": "#0"}
			}
		},
		{
			"from": [7.35, 8.228, 2.35],
			"to": [8.65, 8.578, 2.85],
			"rotation": {"angle": 0, "axis": "y", "origin": [8, 8.078, 5.1]},
			"faces": {
				"north": {"uv": [3, 2, 4.3, 2.35], "texture": "#0"},
				"east": {"uv": [2, 2, 2.5, 2.35], "texture": "#0"},
				"south": {"uv": [2, 2, 3.3, 2.35], "texture": "#0"},
				"west": {"uv": [3, 2, 3.5, 2.35], "texture": "#0"},
				"up": {"uv": [2, 2, 3.3, 2.5], "texture": "#0"},
				"down": {"uv": [3, 2, 4.3, 2.5], "texture": "#0"}
			}
		},
		{
			"from": [7.1, 9.478, 2.25],
			"to": [8.9, 9.828, 2.65],
			"rotation": {"angle": 0, "axis": "y", "origin": [8, 9.328, 5]},
			"faces": {
				"north": {"uv": [0, 3, 1.8, 3.35], "texture": "#0"},
				"east": {"uv": [0, 3, 0.4, 3.35], "texture": "#0"},
				"south": {"uv": [0, 2, 1.8, 2.35], "texture": "#0"},
				"west": {"uv": [0, 2, 0.4, 2.35], "texture": "#0"},
				"up": {"uv": [0, 2, 1.8, 2.4], "texture": "#0"},
				"down": {"uv": [0, 3, 1.8, 3.4], "texture": "#0"}
			}
		},
		{
			"from": [7.35, 10.779, 2.35],
			"to": [8.65, 11.129, 2.85],
			"rotation": {"angle": 0, "axis": "y", "origin": [8, 10.578, 5.1]},
			"faces": {
				"north": {"uv": [0, 0, 1.3, 0.35], "texture": "#0"},
				"east": {"uv": [0, 0, 0.5, 0.35], "texture": "#0"},
				"south": {"uv": [0, 0, 1.3, 0.35], "texture": "#0"},
				"west": {"uv": [0, 0, 0.5, 0.35], "texture": "#0"},
				"up": {"uv": [0, 0, 1.3, 0.5], "texture": "#0"},
				"down": {"uv": [0, 0, 1.3, 0.5], "texture": "#0"}
			}
		},
		{
			"from": [8.35, 8.578, 2.35],
			"to": [8.65, 10.778, 2.85],
			"rotation": {"angle": 0, "axis": "y", "origin": [8, 8.078, 5.1]},
			"faces": {
				"north": {"uv": [2, 0, 2.3, 2.2], "texture": "#0"},
				"east": {"uv": [2, 0, 2.5, 2.2], "texture": "#0"},
				"south": {"uv": [2, 0, 2.3, 2.2], "texture": "#0"},
				"west": {"uv": [2, 0, 2.5, 2.2], "texture": "#0"},
				"up": {"uv": [2, 0, 2.3, 0.5], "texture": "#0"},
				"down": {"uv": [2, 1, 2.3, 1.5], "texture": "#0"}
			}
		},
		{
			"from": [7.35, 8.328, -2.55],
			"to": [7.65, 9.328, -2.05],
			"rotation": {"angle": 0, "axis": "y", "origin": [7, 7.828, 0.2]},
			"faces": {
				"north": {"uv": [0, 0, 0.3, 1], "texture": "#0"},
				"east": {"uv": [0, 0, 0.5, 1], "texture": "#0"},
				"south": {"uv": [0, 0, 0.3, 1], "texture": "#0"},
				"west": {"uv": [0, 0, 0.5, 1], "texture": "#0"},
				"up": {"uv": [0, 0, 0.3, 0.5], "texture": "#0"},
				"down": {"uv": [0, 0, 0.3, 0.5], "texture": "#0"}
			}
		},
		{
			"name": "octagon",
			"from": [7.49259, 5.775, -2.7],
			"to": [8.50741, 8.225, -2.7],
			"rotation": {"angle": 45, "axis": "z", "origin": [8, 7, 5.3]},
			"faces": {
				"north": {"uv": [3, 15, 4, 16], "texture": "#0"},
				"east": {"uv": [3, 15, 4, 16], "texture": "#0"},
				"south": {"uv": [3, 15, 4, 16], "texture": "#0"},
				"west": {"uv": [3, 15, 4, 16], "texture": "#0"},
				"up": {"uv": [3, 15, 4, 16], "texture": "#0"},
				"down": {"uv": [3, 15, 4, 16], "texture": "#0"}
			}
		},
		{
			"name": "octagon",
			"from": [7.49259, 5.775, -2.7],
			"to": [8.50741, 8.225, -2.7],
			"rotation": {"angle": 0, "axis": "z", "origin": [8, 7, 5.3]},
			"faces": {
				"north": {"uv": [3, 15, 4, 16], "texture": "#0"},
				"east": {"uv": [3, 15, 4, 16], "texture": "#0"},
				"south": {"uv": [3, 15, 4, 16], "texture": "#0"},
				"west": {"uv": [3, 15, 4, 16], "texture": "#0"},
				"up": {"uv": [3, 15, 4, 16], "texture": "#0"},
				"down": {"uv": [3, 15, 4, 16], "texture": "#0"}
			}
		},
		{
			"name": "octagon",
			"from": [6.775, 6.49259, -2.7],
			"to": [9.225, 7.50741, -2.7],
			"rotation": {"angle": 45, "axis": "z", "origin": [8, 7, 5.3]},
			"faces": {
				"north": {"uv": [3, 15, 4, 16], "texture": "#0"},
				"east": {"uv": [3, 15, 4, 16], "texture": "#0"},
				"south": {"uv": [3, 15, 4, 16], "texture": "#0"},
				"west": {"uv": [3, 15, 4, 16], "texture": "#0"},
				"up": {"uv": [3, 15, 4, 16], "texture": "#0"},
				"down": {"uv": [3, 15, 4, 16], "texture": "#0"}
			}
		},
		{
			"name": "octagon",
			"from": [6.775, 6.49259, -2.7],
			"to": [9.225, 7.50741, -2.7],
			"rotation": {"angle": 0, "axis": "z", "origin": [8, 7, 5.3]},
			"faces": {
				"north": {"uv": [3, 15, 4, 16], "texture": "#0"},
				"east": {"uv": [3, 15, 4, 16], "texture": "#0"},
				"south": {"uv": [3, 15, 4, 16], "texture": "#0"},
				"west": {"uv": [3, 15, 4, 16], "texture": "#0"},
				"up": {"uv": [3, 15, 4, 16], "texture": "#0"},
				"down": {"uv": [3, 15, 4, 16], "texture": "#0"}
			}
		}
	],
	"display": {
		"thirdperson_righthand": {
			"translation": [0, 2.25, -2.25]
		},
		"thirdperson_lefthand": {
			"translation": [0, 2.25, -2.25]
		},
		"firstperson_righthand": {
			"rotation": [0, -15, 0],
			"translation": [9.75, 3.75, 3]
		},
		"firstperson_lefthand": {
			"rotation": [0, -15, 0],
			"translation": [9.75, 3.75, 3]
		},
		"ground": {
			"rotation": [0, 0, -90],
			"translation": [1.25, -0.75, -2.75],
			"scale": [0.85, 0.85, 0.85]
		},
		"gui": {
			"rotation": [22, 122, 0],
			"translation": [-3, 1, 0],
			"scale": [1.1, 1.1, 1.1]
		},
		"head": {
			"rotation": [29, 0, 0],
			"translation": [0, 9.75, 4.5]
		},
		"fixed": {
			"rotation": [0, -90, 0],
			"translation": [3.25, 1, 0],
			"scale": [1.1, 1.1, 1.1]
		}
	},
	"groups": [
		{
			"name": "Stock and Handle",
			"origin": [8, 6.46777, 11.63223],
			"color": 0,
			"children": [0, 1, 2, 3, 4, 5, 6, 7, 8, 9, 10, 11]
		},
		{
			"name": "Trigger",
			"origin": [7, 5.6, 8.95],
			"color": 0,
			"children": [12, 13, 14, 15, 16]
		},
		{
			"name": "Base",
			"origin": [8, 8, 8],
			"color": 0,
			"children": [
				{
					"name": "octagon",
					"origin": [8, 8, 8],
					"color": 0,
					"children": [17, 18, 19, 20, 21, 22, 23, 24]
				},
				25,
				26,
				27,
				28,
				29
			]
		},
		{
			"name": "Sights",
			"origin": [7, 7.828, 0.2],
			"color": 0,
			"children": [30, 31, 32, 33, 34, 35, 36, 37, 38]
		},
		{
			"name": "Hole",
			"origin": [8, 8, 8],
			"color": 0,
			"children": [39, 40, 41, 42]
		}
	]
}