{
	"credit": "Made with Blockbench",
	"textures": {
		"0": "gbg:item/throwables/pipe_bomb",
		"particle": "gbg:item/throwables/pipe_bomb"
	},
	"elements": [
		{
			"from": [-8.5, 8.5, 0],
			"to": [-7.5, 10.5, 2],
			"rotation": {"angle": 0, "axis": "z", "origin": [1, 9.5, 1]},
			"faces": {
				"north": {"uv": [0, 6, 2, 7], "rotation": 270, "texture": "#0"},
				"east": {"uv": [0, 5, 2, 7], "rotation": 90, "texture": "#0"},
				"south": {"uv": [0, 6, 2, 7], "rotation": 90, "texture": "#0"},
				"west": {"uv": [0, 5, 2, 7], "rotation": 90, "texture": "#0"},
				"up": {"uv": [0, 6, 2, 7], "rotation": 90, "texture": "#0"},
				"down": {"uv": [0, 6, 2, 7], "rotation": 90, "texture": "#0"}
			}
		},
		{
			"from": [-0.5, 8.5, 0],
			"to": [0.5, 10.5, 2],
			"rotation": {"angle": 0, "axis": "z", "origin": [1, 9.5, 1]},
			"faces": {
				"north": {"uv": [0, 0, 2, 1], "rotation": 270, "texture": "#0"},
				"east": {"uv": [0, 0, 2, 2], "rotation": 90, "texture": "#0"},
				"south": {"uv": [0, 0, 2, 1], "rotation": 90, "texture": "#0"},
				"west": {"uv": [0, 0, 2, 2], "rotation": 90, "texture": "#0"},
				"up": {"uv": [0, 0, 2, 1], "rotation": 90, "texture": "#0"},
				"down": {"uv": [0, 0, 2, 1], "rotation": 90, "texture": "#0"}
			}
		},
		{
			"from": [0.5, 9.5, 0.5],
			"to": [2.5, 9.5, 1.5],
			"rotation": {"angle": 0, "axis": "z", "origin": [1, 9.5, 1]},
			"faces": {
				"north": {"uv": [0, 0, 0, 2], "rotation": 270, "texture": "#0"},
				"east": {"uv": [0, 0, 0, 1], "rotation": 90, "texture": "#0"},
				"south": {"uv": [0, 0, 0, 2], "rotation": 90, "texture": "#0"},
				"west": {"uv": [0, 0, 0, 1], "rotation": 90, "texture": "#0"},
				"up": {"uv": [15, 0, 16, 2], "rotation": 90, "texture": "#0"},
				"down": {"uv": [15, 0, 16, 2], "rotation": 90, "texture": "#0"}
			}
		},
		{
			"from": [2.5, 9.5, 1.5],
			"to": [3.5, 9.5, 2.5],
			"rotation": {"angle": 0, "axis": "z", "origin": [1, 9.5, 1]},
			"faces": {
				"north": {"uv": [0, 0, 0, 1], "rotation": 270, "texture": "#0"},
				"east": {"uv": [0, 0, 0, 1], "rotation": 90, "texture": "#0"},
				"south": {"uv": [0, 0, 0, 1], "rotation": 90, "texture": "#0"},
				"west": {"uv": [0, 0, 0, 1], "rotation": 90, "texture": "#0"},
				"up": {"uv": [15, 2, 16, 3], "rotation": 90, "texture": "#0"},
				"down": {"uv": [15, 2, 16, 3], "rotation": 90, "texture": "#0"}
			}
		},
		{
			"from": [-7.5, 8.75, 0.25],
			"to": [-0.5, 10.25, 1.75],
			"rotation": {"angle": 0, "axis": "z", "origin": [1, 9.5, 1]},
			"faces": {
				"north": {"uv": [0, 0, 1.5, 7], "rotation": 270, "texture": "#0"},
				"east": {"uv": [0, 0, 1.5, 1.5], "rotation": 90, "texture": "#0"},
				"south": {"uv": [0, 0, 1.5, 7], "rotation": 90, "texture": "#0"},
				"west": {"uv": [0, 0, 1.5, 1.5], "rotation": 90, "texture": "#0"},
				"up": {"uv": [0, 0, 1.5, 7], "rotation": 90, "texture": "#0"},
				"down": {"uv": [0, 0, 1.5, 7], "rotation": 90, "texture": "#0"}
			}
		}
	],
	"display": {
		"thirdperson_righthand": {
			"rotation": [0, 0, 90],
			"translation": [1.25, 11, 7.25],
			"scale": [0.9, 0.9, 0.9]
		},
		"thirdperson_lefthand": {
			"rotation": [0, 0, -90],
			"translation": [-1.5, 11, 7.25],
			"scale": [0.9, 0.9, 0.9]
		},
		"firstperson_righthand": {
			"rotation": [0, 10, 85],
			"translation": [1.5, 12, 8.75],
			"scale": [0.68, 0.68, 0.68]
		},
		"firstperson_lefthand": {
			"rotation": [0, 10, -85],
			"translation": [-1.5, 12, 8.75],
			"scale": [0.68, 0.68, 0.68]
		},
		"ground": {
			"rotation": [90, 0, 0],
			"translation": [8.5, -8.25, -1.25],
			"scale": [0.75, 0.75, 0.75]
		},
		"gui": {
			"rotation": [30, 225, 96],
			"translation": [-5.25, 12, 0]
		},
		"fixed": {
			"rotation": [0, 90, 90],
			"translation": [6.75, 11.5, -0.75]
		}
	}
}